/*
 Navicat Premium Data Transfer

 Source Server         : Atakan
 Source Server Type    : MySQL
 Source Server Version : 80030 (8.0.30)
 Source Host           : localhost
 Source Schema         : defaultdb

 Target Server Type    : MySQL
 Target Server Version : 80030 (8.0.30)
 File Encoding         : 65001

 Date: 02/04/2023 02:29:31
*/

SET NAMES utf8mb4;
SET FOREIGN_KEY_CHECKS = 0;

-- ----------------------------
-- Table structure for Hastalar
-- ----------------------------
DROP TABLE IF EXISTS `Hastalar`;
CREATE TABLE `Hastalar`  (
  `id` int NOT NULL,
  `TCNo` bigint NULL DEFAULT NULL,
  `Adi` varchar(255) CHARACTER SET utf8mb4 COLLATE utf8mb4_0900_ai_ci NULL DEFAULT NULL,
  `Soyadi` varchar(255) CHARACTER SET utf8mb4 COLLATE utf8mb4_0900_ai_ci NULL DEFAULT NULL,
  `DT` int NULL DEFAULT NULL,
  `DY` varchar(255) CHARACTER SET utf8mb4 COLLATE utf8mb4_0900_ai_ci NULL DEFAULT NULL,
  PRIMARY KEY (`id`) USING BTREE
) ENGINE = InnoDB CHARACTER SET = utf8mb4 COLLATE = utf8mb4_0900_ai_ci ROW_FORMAT = Dynamic;

-- ----------------------------
-- Records of Hastalar
-- ----------------------------
INSERT INTO `Hastalar` VALUES (1, 65633269094, 'Ege', 'Bulut', 1967, 'Adıyaman');
INSERT INTO `Hastalar` VALUES (2, 61574472387, 'Ege', 'Sönmez', 2001, 'Gümüşhane');
INSERT INTO `Hastalar` VALUES (3, 81010965956, 'Merve', 'Yıldız', 1982, 'Afyonkarahisar');
INSERT INTO `Hastalar` VALUES (4, 92205767796, 'Elif', 'Türk', 1959, 'Bursa');
INSERT INTO `Hastalar` VALUES (5, 50890243610, 'Ayşe', 'Çelik', 1987, 'Bolu');
INSERT INTO `Hastalar` VALUES (6, 20046187180, 'Ebru', 'Yıldız', 1977, 'Bitlis');
INSERT INTO `Hastalar` VALUES (7, 20446204877, 'Ebru', 'Çelik', 2006, 'Bursa');
INSERT INTO `Hastalar` VALUES (8, 64471858547, 'Şebnem', 'Ak', 2010, 'Denizli');
INSERT INTO `Hastalar` VALUES (9, 54774280369, 'Ayşe', 'Ak', 2002, 'Hatay');
INSERT INTO `Hastalar` VALUES (10, 26398206745, 'Şeyma', 'Akgül', 1994, 'Erzurum');
INSERT INTO `Hastalar` VALUES (11, 21746280374, 'Gökçe', 'Özmen', 1961, 'Afyonkarahisar');
INSERT INTO `Hastalar` VALUES (12, 23089983509, 'Sema', 'Koç', 2008, 'Balıkesir');
INSERT INTO `Hastalar` VALUES (13, 75899788056, 'Fatma', 'Erol', 1994, 'Kütahya');
INSERT INTO `Hastalar` VALUES (14, 75160234788, 'Kübra', 'Ak', 1950, 'Artvin');
INSERT INTO `Hastalar` VALUES (15, 50420819432, 'Pınar', 'Aktaş', 1973, 'Sinop');
INSERT INTO `Hastalar` VALUES (16, 36714581978, 'Ege', 'Öztürk', 2001, 'Tokat');
INSERT INTO `Hastalar` VALUES (17, 46660624980, 'Hande', 'Demir', 1954, 'Adana');
INSERT INTO `Hastalar` VALUES (18, 74237892762, 'Deniz', 'Sarı', 2020, 'Denizli');
INSERT INTO `Hastalar` VALUES (19, 23353524334, 'Hakan', 'Kaya', 2005, 'Antalya');
INSERT INTO `Hastalar` VALUES (20, 57058386986, 'Utku', 'Sarı', 2003, 'Rize');
INSERT INTO `Hastalar` VALUES (21, 41375770473, 'Hande', 'Şahiner', 2019, 'Bursa');
INSERT INTO `Hastalar` VALUES (22, 94087748702, 'Derya', 'Şimşek', 1995, 'Erzincan');
INSERT INTO `Hastalar` VALUES (23, 65917774777, 'Levent', 'Keskin', 1985, 'Erzincan');
INSERT INTO `Hastalar` VALUES (24, 90751397195, 'Veli', 'Çetin', 1995, 'Balıkesir');
INSERT INTO `Hastalar` VALUES (25, 25526687571, 'Selim', 'Çelik', 1981, 'Balıkesir');
INSERT INTO `Hastalar` VALUES (26, 55885181667, 'Fırat', 'Sarı', 1996, 'Isparta');
INSERT INTO `Hastalar` VALUES (27, 30606654549, 'Şeyma', 'Özcan', 1996, 'İstanbul');
INSERT INTO `Hastalar` VALUES (28, 12886484999, 'Selim', 'Uçar', 2021, 'Yozgat');
INSERT INTO `Hastalar` VALUES (29, 85239747053, 'Merve', 'Altın', 1978, 'Edirne');
INSERT INTO `Hastalar` VALUES (30, 80093792232, 'Recep', 'Doğan', 1983, 'Manisa');
INSERT INTO `Hastalar` VALUES (31, 64333683829, 'Taylan', 'Yılmaz', 1982, 'Uşak');
INSERT INTO `Hastalar` VALUES (32, 29407506485, 'Mehmet', 'Aydın', 2002, 'Niğde');
INSERT INTO `Hastalar` VALUES (33, 89503188077, 'Mustafa', 'Demir', 2019, 'Afyonkarahisar');
INSERT INTO `Hastalar` VALUES (34, 32212830962, 'Fatma', 'Özkan', 2010, 'Çanakkale');
INSERT INTO `Hastalar` VALUES (35, 79587831914, 'Gürkan', 'Çelik', 1960, 'Kocaeli');
INSERT INTO `Hastalar` VALUES (36, 51986500492, 'Ceren', 'Can', 2018, 'Kırklareli');
INSERT INTO `Hastalar` VALUES (37, 85299493529, 'Şebnem', 'Gür', 2020, 'Trabzon');
INSERT INTO `Hastalar` VALUES (38, 69453073095, 'Gökçe', 'Türk', 2000, 'Denizli');
INSERT INTO `Hastalar` VALUES (39, 83154791896, 'Şebnem', 'Tunç', 1984, 'Kütahya');
INSERT INTO `Hastalar` VALUES (40, 90716591372, 'Leyla', 'Sönmez', 1950, 'İzmir');
INSERT INTO `Hastalar` VALUES (41, 27665378493, 'Derya', 'Özkan', 2013, 'Samsun');
INSERT INTO `Hastalar` VALUES (42, 56591547063, 'Gökçe', 'Aydın', 1984, 'Konya');
INSERT INTO `Hastalar` VALUES (43, 30071775721, 'Onur', 'Türk', 2013, 'Bursa');
INSERT INTO `Hastalar` VALUES (44, 41830545552, 'Merve', 'Kara', 1964, 'Hakkari');
INSERT INTO `Hastalar` VALUES (45, 90079881661, 'Can', 'Ersoy', 1967, 'Bitlis');
INSERT INTO `Hastalar` VALUES (46, 10126361748, 'Yiğit', 'Küçük', 2006, 'Bingöl');
INSERT INTO `Hastalar` VALUES (47, 78634887979, 'Deniz', 'Ateş', 1962, 'Niğde');
INSERT INTO `Hastalar` VALUES (48, 56980077080, 'Emre', 'Özdemir', 1976, 'Samsun');
INSERT INTO `Hastalar` VALUES (49, 66109369628, 'Hakan', 'Bakır', 1956, 'Muğla');
INSERT INTO `Hastalar` VALUES (50, 47680340318, 'Jale', 'Uçar', 1964, 'Mardin');
INSERT INTO `Hastalar` VALUES (51, 71615002149, 'Veli', 'Özdemir', 2010, 'Nevşehir');
INSERT INTO `Hastalar` VALUES (52, 45204652271, 'Şebnem', 'Kaplan', 2016, 'Gaziantep');
INSERT INTO `Hastalar` VALUES (53, 67315689568, 'Gürkan', 'Gür', 1958, 'Tokat');
INSERT INTO `Hastalar` VALUES (54, 54997495208, 'Fırat', 'Ersoy', 2004, 'Denizli');
INSERT INTO `Hastalar` VALUES (55, 46827834032, 'Ebru', 'Şimşek', 1953, 'Yozgat');
INSERT INTO `Hastalar` VALUES (56, 60732447200, 'Tansu', 'Altın', 1979, 'Muğla');
INSERT INTO `Hastalar` VALUES (57, 93431725109, 'Tolga', 'Yıldız', 2013, 'Bolu');
INSERT INTO `Hastalar` VALUES (58, 44620433097, 'Yiğit', 'Özdemir', 1979, 'Konya');
INSERT INTO `Hastalar` VALUES (59, 34042674439, 'Ayşe', 'Yalçın', 1988, 'Muğla');
INSERT INTO `Hastalar` VALUES (60, 86750195962, 'Seda', 'Yıldız', 1998, 'Afyonkarahisar');
INSERT INTO `Hastalar` VALUES (61, 86381520375, 'Gürkan', 'Çalışkan', 1960, 'Tekirdağ');
INSERT INTO `Hastalar` VALUES (62, 60729361947, 'Ceren', 'Sönmez', 1968, 'Kütahya');
INSERT INTO `Hastalar` VALUES (63, 12183248780, 'Yaren', 'Köse', 2013, 'Ankara');
INSERT INTO `Hastalar` VALUES (64, 15325214229, 'Veli', 'Çelik', 1959, 'Kırşehir');
INSERT INTO `Hastalar` VALUES (65, 25477675774, 'Zeynep', 'Kaya', 1956, 'Denizli');
INSERT INTO `Hastalar` VALUES (66, 59561438397, 'Zeynep', 'Uçar', 1990, 'Artvin');
INSERT INTO `Hastalar` VALUES (67, 99988306501, 'Derya', 'Yılmaz', 2010, 'Afyonkarahisar');
INSERT INTO `Hastalar` VALUES (68, 56667023302, 'Yaren', 'Ersoy', 1975, 'Amasya');
INSERT INTO `Hastalar` VALUES (69, 10928422268, 'Pınar', 'Aydın', 1950, 'Burdur');
INSERT INTO `Hastalar` VALUES (70, 26762521381, 'Hakan', 'Bakır', 1980, 'İzmir');
INSERT INTO `Hastalar` VALUES (71, 58794738284, 'Sema', 'Özdemir', 2022, 'Isparta');
INSERT INTO `Hastalar` VALUES (72, 81693446541, 'Can', 'Küçük', 1957, 'Giresun');
INSERT INTO `Hastalar` VALUES (73, 23752265761, 'Işıl', 'Ersoy', 1987, 'Aydın');
INSERT INTO `Hastalar` VALUES (74, 12070829854, 'Utku', 'Güler', 1999, 'İstanbul');
INSERT INTO `Hastalar` VALUES (75, 19078909953, 'Mehmet', 'Koç', 1975, 'Burdur');
INSERT INTO `Hastalar` VALUES (76, 94995657077, 'Mustafa', 'Can', 1978, 'Ordu');
INSERT INTO `Hastalar` VALUES (77, 56234879643, 'Levent', 'Özcan', 1972, 'Giresun');
INSERT INTO `Hastalar` VALUES (78, 23185139013, 'Yiğit', 'Kılıçarslan', 1992, 'Şanlıurfa');
INSERT INTO `Hastalar` VALUES (79, 25882496661, 'Yiğit', 'Ateş', 1992, 'Kırklareli');
INSERT INTO `Hastalar` VALUES (80, 32461729808, 'Şebnem', 'Yıldız', 2005, 'Çorum');
INSERT INTO `Hastalar` VALUES (81, 51868302871, 'Veli', 'Özcan', 1952, 'Samsun');
INSERT INTO `Hastalar` VALUES (82, 97208067234, 'Ebru', 'Güler', 1995, 'Malatya');
INSERT INTO `Hastalar` VALUES (83, 52228417050, 'Utku', 'Ersoy', 1958, 'Erzurum');
INSERT INTO `Hastalar` VALUES (84, 26095580576, 'Merve', 'Gül', 1965, 'Samsun');
INSERT INTO `Hastalar` VALUES (85, 72254537369, 'Jale', 'Yılmaz', 1957, 'Erzurum');
INSERT INTO `Hastalar` VALUES (86, 16040916215, 'Nur', 'Güzel', 1977, 'Kayseri');
INSERT INTO `Hastalar` VALUES (87, 62159079335, 'Yaren', 'Şimşek', 1990, 'Çorum');
INSERT INTO `Hastalar` VALUES (88, 25451897602, 'Kübra', 'Yalçın', 1965, 'Çorum');
INSERT INTO `Hastalar` VALUES (89, 46907456899, 'Yiğit', 'Erdem', 1969, 'Van');
INSERT INTO `Hastalar` VALUES (90, 44465229691, 'Irmak', 'Ak', 1990, 'Trabzon');
INSERT INTO `Hastalar` VALUES (91, 45193554996, 'Ege', 'Güler', 1968, 'Kastamonu');
INSERT INTO `Hastalar` VALUES (92, 17096323623, 'Ayşe', 'Ersoy', 1969, 'Çankırı');
INSERT INTO `Hastalar` VALUES (93, 56399402523, 'Şeyma', 'Öztürk', 1976, 'Bilecik');
INSERT INTO `Hastalar` VALUES (94, 11236930013, 'Bahar', 'Köse', 2019, 'Niğde');
INSERT INTO `Hastalar` VALUES (95, 41219146881, 'Tolga', 'Yılmaz', 1990, 'Niğde');
INSERT INTO `Hastalar` VALUES (96, 46873998184, 'Onur', 'Aktaş', 2008, 'Balıkesir');
INSERT INTO `Hastalar` VALUES (97, 89480773537, 'Kaan', 'Şahin', 1950, 'Erzurum');
INSERT INTO `Hastalar` VALUES (98, 19355829905, 'Ebru', 'Şimşek', 1992, 'Çankırı');
INSERT INTO `Hastalar` VALUES (99, 65426469273, 'Ali', 'Bakır', 2012, 'Artvin');
INSERT INTO `Hastalar` VALUES (100, 51732987509, 'Elif', 'Yalçın', 1962, 'Elazığ');

-- ----------------------------
-- Table structure for Hastaneler
-- ----------------------------
DROP TABLE IF EXISTS `Hastaneler`;
CREATE TABLE `Hastaneler`  (
  `HastaneID` int NOT NULL AUTO_INCREMENT,
  `HastaneAdi` varchar(255) CHARACTER SET utf8mb4 COLLATE utf8mb4_0900_ai_ci NULL DEFAULT NULL,
  `HastaneAdresi` varchar(255) CHARACTER SET utf8mb4 COLLATE utf8mb4_0900_ai_ci NULL DEFAULT NULL,
  `HastaneTuru` varchar(255) CHARACTER SET utf8mb4 COLLATE utf8mb4_0900_ai_ci NULL DEFAULT NULL,
  PRIMARY KEY (`HastaneID`) USING BTREE
) ENGINE = InnoDB CHARACTER SET = utf8mb4 COLLATE = utf8mb4_0900_ai_ci ROW_FORMAT = Dynamic;

-- ----------------------------
-- Records of Hastaneler
-- ----------------------------
INSERT INTO `Hastaneler` VALUES (5001, 'Etlik Şehir Hastanesi', 'Ankara/YeniMahalle', 'Kamu');
INSERT INTO `Hastaneler` VALUES (5002, 'Bilkent Şehir Hastanesi', 'Ankara', 'Kamu');
INSERT INTO `Hastaneler` VALUES (5003, 'Memorial Hastanesi', 'Ankara', 'Özel');
INSERT INTO `Hastaneler` VALUES (5004, 'Dr. Sami Ulus Hastanesi', 'Ankara', 'Kamu');

-- ----------------------------
-- Table structure for Muayeneler
-- ----------------------------
DROP TABLE IF EXISTS `Muayeneler`;
CREATE TABLE `Muayeneler`  (
  `MuayeneID` int NOT NULL AUTO_INCREMENT,
  `MuayeneTipi` varchar(255) CHARACTER SET utf8mb4 COLLATE utf8mb4_0900_ai_ci NULL DEFAULT NULL,
  `MuayenePol` varchar(255) CHARACTER SET utf8mb4 COLLATE utf8mb4_0900_ai_ci NULL DEFAULT NULL,
  `HastaneID` int NULL DEFAULT NULL,
  `HastaID` int NULL DEFAULT NULL,
  PRIMARY KEY (`MuayeneID`) USING BTREE
) ENGINE = InnoDB CHARACTER SET = utf8mb4 COLLATE = utf8mb4_0900_ai_ci ROW_FORMAT = Dynamic;

-- ----------------------------
-- Records of Muayeneler
-- ----------------------------
INSERT INTO `Muayeneler` VALUES (6000000, 'Genel Kontrol', 'Dahiliye', 5001, 1);
INSERT INTO `Muayeneler` VALUES (6000001, 'Genel Muayene', 'Cildiye', 5003, 1);
INSERT INTO `Muayeneler` VALUES (6000002, 'Acil Muayenesi', 'Göz', 5002, 2);
INSERT INTO `Muayeneler` VALUES (6000003, 'Acil Muayenesi', 'Kulak Burun Boğaz', 5003, 3);
INSERT INTO `Muayeneler` VALUES (6000004, 'Poliklinik Muayenesi', 'Göz', 5002, 4);
INSERT INTO `Muayeneler` VALUES (6000005, 'Kontrol Muayenesi', 'Psikiyatri', 5001, 5);
INSERT INTO `Muayeneler` VALUES (6000006, 'Acil Muayenesi', 'Kulak Burun Boğaz', 5003, 6);
INSERT INTO `Muayeneler` VALUES (6000007, 'Acil Muayenesi', 'Dahiliye', 5003, 7);
INSERT INTO `Muayeneler` VALUES (6000008, 'Poliklinik Muayenesi', 'Nöroloji', 5001, 8);
INSERT INTO `Muayeneler` VALUES (6000009, 'Kontrol Muayenesi', 'Radyoloji', 5001, 9);
INSERT INTO `Muayeneler` VALUES (6000010, 'Kontrol Muayenesi', 'Dahiliye', 5004, 10);
INSERT INTO `Muayeneler` VALUES (6000011, 'Acil Muayenesi', 'Göz', 5004, 11);
INSERT INTO `Muayeneler` VALUES (6000012, 'Poliklinik Muayenesi', 'Cildiye', 5002, 12);
INSERT INTO `Muayeneler` VALUES (6000013, 'Acil Muayenesi', 'Kardiyoloji', 5001, 13);
INSERT INTO `Muayeneler` VALUES (6000014, 'Kontrol Muayenesi', 'Dahiliye', 5002, 14);
INSERT INTO `Muayeneler` VALUES (6000015, 'Acil Muayenesi', 'Kardiyoloji', 5002, 15);
INSERT INTO `Muayeneler` VALUES (6000016, 'Acil Muayenesi', 'Enfeksiyon Hastalıkları', 5001, 16);
INSERT INTO `Muayeneler` VALUES (6000017, 'Poliklinik Muayenesi', 'Gastroenteroloji', 5003, 17);
INSERT INTO `Muayeneler` VALUES (6000018, 'Kontrol Muayenesi', 'Enfeksiyon Hastalıkları', 5001, 18);
INSERT INTO `Muayeneler` VALUES (6000019, 'Genel Muayene', 'Dahiliye', 5001, 19);
INSERT INTO `Muayeneler` VALUES (6000020, 'Poliklinik Muayenesi', 'Göz', 5002, 20);
INSERT INTO `Muayeneler` VALUES (6000021, 'Acil Muayenesi', 'Dermatoloji', 5003, 21);
INSERT INTO `Muayeneler` VALUES (6000022, 'Kontrol Muayenesi', 'Enfeksiyon Hastalıkları', 5001, 22);
INSERT INTO `Muayeneler` VALUES (6000023, 'Poliklinik Muayenesi', 'Üroloji', 5002, 23);
INSERT INTO `Muayeneler` VALUES (6000024, 'Poliklinik Muayenesi', 'Dahiliye', 5001, 24);
INSERT INTO `Muayeneler` VALUES (6000025, 'Genel Muayene', 'Çocuk Sağlığı ve Hastalıkları', 5001, 25);
INSERT INTO `Muayeneler` VALUES (6000026, 'Poliklinik Muayenesi', 'Kulak Burun Boğaz', 5003, 26);
INSERT INTO `Muayeneler` VALUES (6000027, 'Genel Muayene', 'Gastroenteroloji', 5001, 27);
INSERT INTO `Muayeneler` VALUES (6000028, 'Poliklinik Muayenesi', 'Cildiye', 5004, 28);
INSERT INTO `Muayeneler` VALUES (6000029, 'Acil Muayenesi', 'Kulak Burun Boğaz', 5001, 29);
INSERT INTO `Muayeneler` VALUES (6000030, 'Genel Muayene', 'Radyoloji', 5003, 30);
INSERT INTO `Muayeneler` VALUES (6000031, 'Genel Muayene', 'Kardiyoloji', 5002, 31);
INSERT INTO `Muayeneler` VALUES (6000032, 'Kontrol Muayenesi', 'Dahiliye', 5003, 32);
INSERT INTO `Muayeneler` VALUES (6000033, 'Kontrol Muayenesi', 'Nöroloji', 5002, 33);
INSERT INTO `Muayeneler` VALUES (6000034, 'Genel Muayene', 'Çocuk Sağlığı ve Hastalıkları', 5001, 34);
INSERT INTO `Muayeneler` VALUES (6000035, 'Genel Muayene', 'Gastroenteroloji', 5002, 35);
INSERT INTO `Muayeneler` VALUES (6000036, 'Poliklinik Muayenesi', 'Radyoloji', 5002, 36);
INSERT INTO `Muayeneler` VALUES (6000037, 'Kontrol Muayenesi', 'Psikiyatri', 5003, 37);
INSERT INTO `Muayeneler` VALUES (6000038, 'Poliklinik Muayenesi', 'Cildiye', 5004, 38);
INSERT INTO `Muayeneler` VALUES (6000039, 'Genel Muayene', 'Dahiliye', 5003, 39);
INSERT INTO `Muayeneler` VALUES (6000040, 'Kontrol Muayenesi', 'Kulak Burun Boğaz', 5002, 40);
INSERT INTO `Muayeneler` VALUES (6000041, 'Poliklinik Muayenesi', 'Gastroenteroloji', 5003, 41);
INSERT INTO `Muayeneler` VALUES (6000042, 'Poliklinik Muayenesi', 'Kadın Hastalıkları ve Doğum', 5003, 42);
INSERT INTO `Muayeneler` VALUES (6000043, 'Poliklinik Muayenesi', 'Çocuk Sağlığı ve Hastalıkları', 5001, 43);
INSERT INTO `Muayeneler` VALUES (6000044, 'Genel Muayene', 'Üroloji', 5003, 44);
INSERT INTO `Muayeneler` VALUES (6000045, 'Acil Muayenesi', 'Dahiliye', 5003, 45);
INSERT INTO `Muayeneler` VALUES (6000046, 'Poliklinik Muayenesi', 'KBB', 5004, 46);
INSERT INTO `Muayeneler` VALUES (6000047, 'Kontrol Muayenesi', 'Enfeksiyon Hastalıkları', 5002, 47);
INSERT INTO `Muayeneler` VALUES (6000048, 'Poliklinik Muayenesi', 'Çocuk Sağlığı ve Hastalıkları', 5003, 48);
INSERT INTO `Muayeneler` VALUES (6000049, 'Acil Muayenesi', 'Ortopedi ve Travmatoloji', 5001, 49);
INSERT INTO `Muayeneler` VALUES (6000050, 'Acil Muayenesi', 'Cildiye', 5002, 50);
INSERT INTO `Muayeneler` VALUES (6000051, 'Acil Muayenesi', 'Dahiliye', 5001, 51);
INSERT INTO `Muayeneler` VALUES (6000052, 'Genel Muayene', 'Üroloji', 5002, 52);
INSERT INTO `Muayeneler` VALUES (6000053, 'Kontrol Muayenesi', 'Radyoloji', 5004, 53);
INSERT INTO `Muayeneler` VALUES (6000054, 'Acil Muayenesi', 'Kadın Hastalıkları ve Doğum', 5001, 54);
INSERT INTO `Muayeneler` VALUES (6000055, 'Kontrol Muayenesi', 'Kardiyoloji', 5002, 55);
INSERT INTO `Muayeneler` VALUES (6000056, 'Kontrol Muayenesi', 'Ortopedi ve Travmatoloji', 5004, 56);
INSERT INTO `Muayeneler` VALUES (6000057, 'Acil Muayenesi', 'Üroloji', 5002, 57);
INSERT INTO `Muayeneler` VALUES (6000058, 'Kontrol Muayenesi', 'Üroloji', 5003, 58);
INSERT INTO `Muayeneler` VALUES (6000059, 'Acil Muayenesi', 'Ps', 5001, 59);
INSERT INTO `Muayeneler` VALUES (6000060, 'Kontrol Muayenesi', 'Dahiliye', 5004, 60);
INSERT INTO `Muayeneler` VALUES (6000061, 'Genel Muayene', 'Çocuk Sağlığı ve Hastalıkları', 5003, 61);
INSERT INTO `Muayeneler` VALUES (6000062, 'Genel Muayene', 'Kadın Hastalıkları ve Doğum', 5002, 62);
INSERT INTO `Muayeneler` VALUES (6000063, 'Poliklinik Muayenesi', 'Dahiliye', 5002, 63);
INSERT INTO `Muayeneler` VALUES (6000064, 'Acil Muayenesi', 'Çocuk Sağlığı ve Hastalıkları', 5004, 64);
INSERT INTO `Muayeneler` VALUES (6000065, 'Acil Muayenesi', 'Kardiyoloji', 5003, 65);
INSERT INTO `Muayeneler` VALUES (6000066, 'Acil Muayenesi', 'Kardiyoloji', 5004, 66);
INSERT INTO `Muayeneler` VALUES (6000067, 'Genel Muayene', 'Dermatoloji', 5001, 67);
INSERT INTO `Muayeneler` VALUES (6000068, 'Genel Muayene', 'Dahiliye', 5002, 68);
INSERT INTO `Muayeneler` VALUES (6000069, 'Poliklinik Muayenesi', 'Göz', 5001, 69);
INSERT INTO `Muayeneler` VALUES (6000070, 'Poliklinik Muayenesi', 'Göz', 5004, 70);
INSERT INTO `Muayeneler` VALUES (6000071, 'Poliklinik Muayenesi', 'Nöroloji', 5004, 71);
INSERT INTO `Muayeneler` VALUES (6000072, 'Acil Muayenesi', 'Dahiliye', 5001, 72);
INSERT INTO `Muayeneler` VALUES (6000073, 'Poliklinik Muayenesi', 'Üroloji', 5002, 73);
INSERT INTO `Muayeneler` VALUES (6000074, 'Poliklinik Muayenesi', 'Göz', 5003, 74);
INSERT INTO `Muayeneler` VALUES (6000075, 'Poliklinik Muayenesi', 'Göz', 5004, 75);
INSERT INTO `Muayeneler` VALUES (6000076, 'Kontrol Muayenesi', 'Cildiye', 5002, 76);
INSERT INTO `Muayeneler` VALUES (6000077, 'Poliklinik Muayenesi', 'Kadın Hastalıkları ve Doğum', 5001, 77);
INSERT INTO `Muayeneler` VALUES (6000078, 'Kontrol Muayenesi', 'Kulak Burun Boğaz', 5002, 78);
INSERT INTO `Muayeneler` VALUES (6000079, 'Kontrol Muayenesi', 'Kulak Burun Boğaz', 5001, 79);
INSERT INTO `Muayeneler` VALUES (6000080, 'Kontrol Muayenesi', 'Radyoloji', 5004, 80);
INSERT INTO `Muayeneler` VALUES (6000081, 'Acil Muayenesi', 'Üroloji', 5001, 81);
INSERT INTO `Muayeneler` VALUES (6000082, 'Kontrol Muayenesi', 'Dermatoloji', 5001, 82);
INSERT INTO `Muayeneler` VALUES (6000083, 'Poliklinik Muayenesi', 'Kardiyoloji', 5004, 83);
INSERT INTO `Muayeneler` VALUES (6000084, 'Kontrol Muayenesi', 'Gastroenteroloji', 5001, 84);
INSERT INTO `Muayeneler` VALUES (6000085, 'Genel Muayene', 'KBB', 5001, 85);
INSERT INTO `Muayeneler` VALUES (6000086, 'Acil Muayenesi', 'Cildiye', 5002, 86);
INSERT INTO `Muayeneler` VALUES (6000087, 'Acil Muayenesi', 'Kardiyoloji', 5004, 87);
INSERT INTO `Muayeneler` VALUES (6000088, 'Poliklinik Muayenesi', 'Kardiyoloji', 5001, 88);
INSERT INTO `Muayeneler` VALUES (6000089, 'Kontrol Muayenesi', 'Üroloji', 5002, 89);
INSERT INTO `Muayeneler` VALUES (6000090, 'Poliklinik Muayenesi', 'Gastroenteroloji', 5003, 90);
INSERT INTO `Muayeneler` VALUES (6000091, 'Acil Muayenesi', 'Ortopedi ve Travmatoloji', 5002, 91);
INSERT INTO `Muayeneler` VALUES (6000092, 'Kontrol Muayenesi', 'Psikiyatri', 5001, 92);
INSERT INTO `Muayeneler` VALUES (6000093, 'Kontrol Muayenesi', 'Cildiye', 5002, 93);
INSERT INTO `Muayeneler` VALUES (6000094, 'Kontrol Muayenesi', 'Ortopedi ve Travmatoloji', 5004, 94);
INSERT INTO `Muayeneler` VALUES (6000095, 'Poliklinik Muayenesi', 'Gastroenteroloji', 5001, 95);
INSERT INTO `Muayeneler` VALUES (6000096, 'Acil Muayenesi', 'Çocuk Sağlığı ve Hastalıkları', 5003, 96);
INSERT INTO `Muayeneler` VALUES (6000097, 'Acil Muayenesi', 'Radyoloji', 5004, 97);
INSERT INTO `Muayeneler` VALUES (6000098, 'Genel Muayene', 'Göz', 5003, 98);
INSERT INTO `Muayeneler` VALUES (6000099, 'Genel Muayene', 'Cildiye', 5003, 99);
INSERT INTO `Muayeneler` VALUES (6000100, 'Kontrol Muayenesi', 'Cildiye', 5002, 100);
INSERT INTO `Muayeneler` VALUES (6000101, 'Genel Muayene', 'Kulak Burun Boğaz', 5003, 4);
INSERT INTO `Muayeneler` VALUES (6000102, 'Acil Muayenesi', 'Gastroenteroloji', 5004, 57);
INSERT INTO `Muayeneler` VALUES (6000103, 'Acil Muayenesi', 'Kadın Hastalıkları ve Doğum', 5004, 52);
INSERT INTO `Muayeneler` VALUES (6000104, 'Genel Muayene', 'Üroloji', 5004, 99);
INSERT INTO `Muayeneler` VALUES (6000105, 'Kontrol Muayenesi', 'Kardiyoloji', 5001, 32);
INSERT INTO `Muayeneler` VALUES (6000106, 'Genel Muayene', 'Dahiliye', 5003, 36);
INSERT INTO `Muayeneler` VALUES (6000107, 'Kontrol Muayenesi', 'Kadın Hastalıkları ve Doğum', 5002, 85);
INSERT INTO `Muayeneler` VALUES (6000108, 'Poliklinik Muayenesi', 'KBB', 5001, 99);
INSERT INTO `Muayeneler` VALUES (6000109, 'Poliklinik Muayenesi', 'Nöroloji', 5001, 49);
INSERT INTO `Muayeneler` VALUES (6000110, 'Acil Muayenesi', 'Radyoloji', 5004, 5);
INSERT INTO `Muayeneler` VALUES (6000111, 'Genel Muayene', 'Çocuk Sağlığı ve Hastalıkları', 5002, 40);
INSERT INTO `Muayeneler` VALUES (6000112, 'Kontrol Muayenesi', 'Dahiliye', 5001, 88);
INSERT INTO `Muayeneler` VALUES (6000113, 'Acil Muayenesi', 'Ortopedi ve Travmatoloji', 5002, 86);
INSERT INTO `Muayeneler` VALUES (6000114, 'Kontrol Muayenesi', 'Çocuk Sağlığı ve Hastalıkları', 5004, 57);
INSERT INTO `Muayeneler` VALUES (6000115, 'Acil Muayenesi', 'Çocuk Sağlığı ve Hastalıkları', 5004, 37);
INSERT INTO `Muayeneler` VALUES (6000116, 'Acil Muayenesi', 'Çocuk Sağlığı ve Hastalıkları', 5004, 76);
INSERT INTO `Muayeneler` VALUES (6000117, 'Acil Muayenesi', 'Çocuk Sağlığı ve Hastalıkları', 5003, 20);
INSERT INTO `Muayeneler` VALUES (6000118, 'Acil Muayenesi', 'Enfeksiyon Hastalıkları', 5003, 50);
INSERT INTO `Muayeneler` VALUES (6000119, 'Acil Muayenesi', 'Gastroenteroloji', 5001, 2);
INSERT INTO `Muayeneler` VALUES (6000120, 'Genel Muayene', 'Kadın Hastalıkları ve Doğum', 5001, 39);
INSERT INTO `Muayeneler` VALUES (6000121, 'Acil Muayenesi', 'Kardiyoloji', 5004, 89);
INSERT INTO `Muayeneler` VALUES (6000122, 'Genel Muayene', 'Kulak Burun Boğaz', 5002, 73);
INSERT INTO `Muayeneler` VALUES (6000123, 'Kontrol Muayenesi', 'Göz', 5002, 43);
INSERT INTO `Muayeneler` VALUES (6000124, 'Kontrol Muayenesi', 'Üroloji', 5001, 16);
INSERT INTO `Muayeneler` VALUES (6000125, 'Poliklinik Muayenesi', 'Radyoloji', 5001, 37);
INSERT INTO `Muayeneler` VALUES (6000126, 'Kontrol Muayenesi', 'Kardiyoloji', 5003, 21);
INSERT INTO `Muayeneler` VALUES (6000127, 'Kontrol Muayenesi', 'Çocuk Sağlığı ve Hastalıkları', 5002, 45);
INSERT INTO `Muayeneler` VALUES (6000128, 'Kontrol Muayenesi', 'Enfeksiyon Hastalıkları', 5004, 17);
INSERT INTO `Muayeneler` VALUES (6000129, 'Kontrol Muayenesi', 'Kardiyoloji', 5002, 81);
INSERT INTO `Muayeneler` VALUES (6000130, 'Genel Muayene', 'Radyoloji', 5002, 35);
INSERT INTO `Muayeneler` VALUES (6000131, 'Acil Muayenesi', 'Gastroenteroloji', 5003, 12);
INSERT INTO `Muayeneler` VALUES (6000132, 'Genel Muayene', 'KBB', 5001, 14);
INSERT INTO `Muayeneler` VALUES (6000133, 'Kontrol Muayenesi', 'Göz', 5003, 58);
INSERT INTO `Muayeneler` VALUES (6000134, 'Poliklinik Muayenesi', 'Kardiyoloji', 5003, 71);
INSERT INTO `Muayeneler` VALUES (6000135, 'Poliklinik Muayenesi', 'Kadın Hastalıkları ve Doğum', 5003, 55);
INSERT INTO `Muayeneler` VALUES (6000136, 'Acil Muayenesi', 'Cildiye', 5001, 30);
INSERT INTO `Muayeneler` VALUES (6000137, 'Acil Muayenesi', 'Enfeksiyon Hastalıkları', 5003, 78);
INSERT INTO `Muayeneler` VALUES (6000138, 'Kontrol Muayenesi', 'Çocuk Sağlığı ve Hastalıkları', 5002, 24);
INSERT INTO `Muayeneler` VALUES (6000139, 'Poliklinik Muayenesi', 'Enfeksiyon Hastalıkları', 5004, 72);
INSERT INTO `Muayeneler` VALUES (6000140, 'Genel Muayene', 'Gastroenteroloji', 5004, 47);
INSERT INTO `Muayeneler` VALUES (6000141, 'Genel Muayene', 'Dahiliye', 5004, 38);
INSERT INTO `Muayeneler` VALUES (6000142, 'Poliklinik Muayenesi', 'Kardiyoloji', 5001, 3);
INSERT INTO `Muayeneler` VALUES (6000143, 'Poliklinik Muayenesi', 'Kardiyoloji', 5004, 59);
INSERT INTO `Muayeneler` VALUES (6000144, 'Acil Muayenesi', 'Kulak Burun Boğaz', 5001, 31);
INSERT INTO `Muayeneler` VALUES (6000145, 'Poliklinik Muayenesi', 'Radyoloji', 5001, 12);
INSERT INTO `Muayeneler` VALUES (6000146, 'Acil Muayenesi', 'Cildiye', 5002, 18);
INSERT INTO `Muayeneler` VALUES (6000147, 'Poliklinik Muayenesi', 'Ortopedi ve Travmatoloji', 5003, 39);
INSERT INTO `Muayeneler` VALUES (6000148, 'Poliklinik Muayenesi', 'Kadın Hastalıkları ve Doğum', 5001, 77);
INSERT INTO `Muayeneler` VALUES (6000149, 'Poliklinik Muayenesi', 'Göz', 5001, 80);
INSERT INTO `Muayeneler` VALUES (6000150, 'Poliklinik Muayenesi', 'Nöroloji', 5003, 58);
INSERT INTO `Muayeneler` VALUES (6000151, 'Kontrol Muayenesi', 'Ps', 5002, 94);
INSERT INTO `Muayeneler` VALUES (6000152, 'Poliklinik Muayenesi', 'Radyoloji', 5003, 96);
INSERT INTO `Muayeneler` VALUES (6000153, 'Genel Muayene', 'Kardiyoloji', 5004, 54);
INSERT INTO `Muayeneler` VALUES (6000154, 'Kontrol Muayenesi', 'Ortopedi ve Travmatoloji', 5002, 99);
INSERT INTO `Muayeneler` VALUES (6000155, 'Acil Muayenesi', 'Kardiyoloji', 5003, 75);
INSERT INTO `Muayeneler` VALUES (6000156, 'Poliklinik Muayenesi', 'Enfeksiyon Hastalıkları', 5004, 39);
INSERT INTO `Muayeneler` VALUES (6000157, 'Poliklinik Muayenesi', 'Kadın Hastalıkları ve Doğum', 5004, 8);
INSERT INTO `Muayeneler` VALUES (6000158, 'Acil Muayenesi', 'Göz', 5001, 69);
INSERT INTO `Muayeneler` VALUES (6000159, 'Kontrol Muayenesi', 'Üroloji', 5003, 33);
INSERT INTO `Muayeneler` VALUES (6000160, 'Acil Muayenesi', 'Ps', 5003, 88);
INSERT INTO `Muayeneler` VALUES (6000161, 'Genel Muayene', 'Göz', 5001, 96);
INSERT INTO `Muayeneler` VALUES (6000162, 'Genel Muayene', 'Kardiyoloji', 5001, 7);
INSERT INTO `Muayeneler` VALUES (6000163, 'Poliklinik Muayenesi', 'Kardiyoloji', 5003, 68);
INSERT INTO `Muayeneler` VALUES (6000164, 'Kontrol Muayenesi', 'Göz', 5004, 71);
INSERT INTO `Muayeneler` VALUES (6000165, 'Genel Muayene', 'Enfeksiyon Hastalıkları', 5002, 76);
INSERT INTO `Muayeneler` VALUES (6000166, 'Kontrol Muayenesi', 'Üroloji', 5003, 79);
INSERT INTO `Muayeneler` VALUES (6000167, 'Acil Muayenesi', 'Enfeksiyon Hastalıkları', 5001, 87);
INSERT INTO `Muayeneler` VALUES (6000168, 'Kontrol Muayenesi', 'KBB', 5004, 37);
INSERT INTO `Muayeneler` VALUES (6000169, 'Kontrol Muayenesi', 'Dermatoloji', 5004, 36);
INSERT INTO `Muayeneler` VALUES (6000170, 'Poliklinik Muayenesi', 'KBB', 5004, 42);
INSERT INTO `Muayeneler` VALUES (6000171, 'Kontrol Muayenesi', 'KBB', 5003, 10);
INSERT INTO `Muayeneler` VALUES (6000172, 'Acil Muayenesi', 'Dahiliye', 5003, 16);
INSERT INTO `Muayeneler` VALUES (6000173, 'Genel Muayene', 'Gastroenteroloji', 5004, 97);
INSERT INTO `Muayeneler` VALUES (6000174, 'Acil Muayenesi', 'Psikiyatri', 5003, 73);
INSERT INTO `Muayeneler` VALUES (6000175, 'Genel Muayene', 'Cildiye', 5002, 15);
INSERT INTO `Muayeneler` VALUES (6000176, 'Poliklinik Muayenesi', 'Psikiyatri', 5004, 20);
INSERT INTO `Muayeneler` VALUES (6000177, 'Genel Muayene', 'Ortopedi ve Travmatoloji', 5001, 74);
INSERT INTO `Muayeneler` VALUES (6000178, 'Poliklinik Muayenesi', 'Nöroloji', 5003, 26);
INSERT INTO `Muayeneler` VALUES (6000179, 'Kontrol Muayenesi', 'Dahiliye', 5001, 77);
INSERT INTO `Muayeneler` VALUES (6000180, 'Kontrol Muayenesi', 'Psikiyatri', 5002, 51);
INSERT INTO `Muayeneler` VALUES (6000181, 'Kontrol Muayenesi', 'Üroloji', 5001, 17);
INSERT INTO `Muayeneler` VALUES (6000182, 'Kontrol Muayenesi', 'Kardiyoloji', 5002, 60);
INSERT INTO `Muayeneler` VALUES (6000183, 'Genel Muayene', 'Enfeksiyon Hastalıkları', 5004, 63);
INSERT INTO `Muayeneler` VALUES (6000184, 'Genel Muayene', 'Kadın Hastalıkları ve Doğum', 5002, 4);
INSERT INTO `Muayeneler` VALUES (6000185, 'Genel Muayene', 'Gastroenteroloji', 5003, 91);
INSERT INTO `Muayeneler` VALUES (6000186, 'Acil Muayenesi', 'Göz', 5003, 58);
INSERT INTO `Muayeneler` VALUES (6000187, 'Genel Muayene', 'Kardiyoloji', 5003, 31);
INSERT INTO `Muayeneler` VALUES (6000188, 'Kontrol Muayenesi', 'Enfeksiyon Hastalıkları', 5001, 44);
INSERT INTO `Muayeneler` VALUES (6000189, 'Kontrol Muayenesi', 'Nöroloji', 5004, 39);
INSERT INTO `Muayeneler` VALUES (6000190, 'Genel Muayene', 'Göz', 5001, 68);
INSERT INTO `Muayeneler` VALUES (6000191, 'Kontrol Muayenesi', 'Kardiyoloji', 5004, 47);
INSERT INTO `Muayeneler` VALUES (6000192, 'Poliklinik Muayenesi', 'Dahiliye', 5002, 79);
INSERT INTO `Muayeneler` VALUES (6000193, 'Acil Muayenesi', 'Kadın Hastalıkları ve Doğum', 5003, 55);
INSERT INTO `Muayeneler` VALUES (6000194, 'Genel Muayene', 'Psikiyatri', 5001, 46);
INSERT INTO `Muayeneler` VALUES (6000195, 'Kontrol Muayenesi', 'KBB', 5002, 79);
INSERT INTO `Muayeneler` VALUES (6000196, 'Kontrol Muayenesi', 'KBB', 5001, 26);
INSERT INTO `Muayeneler` VALUES (6000197, 'Kontrol Muayenesi', 'Psikiyatri', 5003, 58);
INSERT INTO `Muayeneler` VALUES (6000198, 'Genel Muayene', 'Kardiyoloji', 5001, 90);
INSERT INTO `Muayeneler` VALUES (6000199, 'Kontrol Muayenesi', 'Çocuk Sağlığı ve Hastalıkları', 5003, 42);
INSERT INTO `Muayeneler` VALUES (6000200, 'Poliklinik Muayenesi', 'Ps', 5003, 22);

-- ----------------------------
-- Table structure for Receteler
-- ----------------------------
DROP TABLE IF EXISTS `Receteler`;
CREATE TABLE `Receteler`  (
  `ReceteID` int NOT NULL AUTO_INCREMENT,
  `ReceteKod` varchar(255) CHARACTER SET utf8mb4 COLLATE utf8mb4_0900_ai_ci NULL DEFAULT NULL,
  `MuayeneID` int NULL DEFAULT NULL,
  PRIMARY KEY (`ReceteID`) USING BTREE
) ENGINE = InnoDB CHARACTER SET = utf8mb4 COLLATE = utf8mb4_0900_ai_ci ROW_FORMAT = Dynamic;

-- ----------------------------
-- Records of Receteler
-- ----------------------------
INSERT INTO `Receteler` VALUES (1, 'PECFH2', 6000001);
INSERT INTO `Receteler` VALUES (2, 'W5SYTK', 6000002);
INSERT INTO `Receteler` VALUES (3, 'RE9C5P', 6000003);
INSERT INTO `Receteler` VALUES (4, 'CIGK5D', 6000004);
INSERT INTO `Receteler` VALUES (5, 'S59SZR', 6000005);
INSERT INTO `Receteler` VALUES (6, 'PP6NEC', 6000006);
INSERT INTO `Receteler` VALUES (7, '2G2203', 6000007);
INSERT INTO `Receteler` VALUES (8, 'YO1URX', 6000008);
INSERT INTO `Receteler` VALUES (9, 'TF15UZ', 6000009);
INSERT INTO `Receteler` VALUES (10, '439DAT', 6000010);
INSERT INTO `Receteler` VALUES (11, '96UCB9', 6000011);
INSERT INTO `Receteler` VALUES (12, 'L24SCB', 6000012);
INSERT INTO `Receteler` VALUES (13, 'GFV6VF', 6000013);
INSERT INTO `Receteler` VALUES (14, '7N3OOY', 6000014);
INSERT INTO `Receteler` VALUES (15, 'QNTUEP', 6000015);
INSERT INTO `Receteler` VALUES (16, '03IKNC', 6000016);
INSERT INTO `Receteler` VALUES (17, 'U42VII', 6000017);
INSERT INTO `Receteler` VALUES (18, 'CX3NYN', 6000018);
INSERT INTO `Receteler` VALUES (19, 'JHDETL', 6000019);
INSERT INTO `Receteler` VALUES (20, 'UJK8O1', 6000020);
INSERT INTO `Receteler` VALUES (21, 'KOXMFW', 6000021);
INSERT INTO `Receteler` VALUES (22, 'S12C37', 6000022);
INSERT INTO `Receteler` VALUES (23, 'GFY9P5', 6000023);
INSERT INTO `Receteler` VALUES (24, '69IVS2', 6000024);
INSERT INTO `Receteler` VALUES (25, '0W6MPU', 6000025);
INSERT INTO `Receteler` VALUES (26, 'PWHK5P', 6000026);
INSERT INTO `Receteler` VALUES (27, 'JQJ91Q', 6000027);
INSERT INTO `Receteler` VALUES (28, 'VS3XJK', 6000028);
INSERT INTO `Receteler` VALUES (29, 'H5T6AF', 6000029);
INSERT INTO `Receteler` VALUES (30, 'FCYLO6', 6000030);
INSERT INTO `Receteler` VALUES (31, '69SAA8', 6000031);
INSERT INTO `Receteler` VALUES (32, '44AQFZ', 6000032);
INSERT INTO `Receteler` VALUES (33, 'UYKJDV', 6000033);
INSERT INTO `Receteler` VALUES (34, 'EVKXLT', 6000034);
INSERT INTO `Receteler` VALUES (35, 'O7WKB2', 6000035);
INSERT INTO `Receteler` VALUES (36, 'E0ZJA7', 6000036);
INSERT INTO `Receteler` VALUES (37, 'NKRZD2', 6000037);
INSERT INTO `Receteler` VALUES (38, 'D5SRAA', 6000038);
INSERT INTO `Receteler` VALUES (39, 'QU8R1E', 6000039);
INSERT INTO `Receteler` VALUES (40, 'P8O034', 6000040);
INSERT INTO `Receteler` VALUES (41, '96RJ5C', 6000041);
INSERT INTO `Receteler` VALUES (42, 'RCN6BI', 6000042);
INSERT INTO `Receteler` VALUES (43, 'WOG9QJ', 6000043);
INSERT INTO `Receteler` VALUES (44, 'L6DFJ2', 6000044);
INSERT INTO `Receteler` VALUES (45, '42LFK4', 6000045);
INSERT INTO `Receteler` VALUES (46, 'JS69T6', 6000046);
INSERT INTO `Receteler` VALUES (47, 'Z6CQ5B', 6000047);
INSERT INTO `Receteler` VALUES (48, 'VQTO0L', 6000048);
INSERT INTO `Receteler` VALUES (49, 'TD77WC', 6000049);
INSERT INTO `Receteler` VALUES (50, '0BSSOS', 6000050);
INSERT INTO `Receteler` VALUES (51, 'AFDW14', 6000051);
INSERT INTO `Receteler` VALUES (52, '2RSUR5', 6000052);
INSERT INTO `Receteler` VALUES (53, 'MAR2K6', 6000053);
INSERT INTO `Receteler` VALUES (54, 'T216O2', 6000054);
INSERT INTO `Receteler` VALUES (55, 'L0HD4J', 6000055);
INSERT INTO `Receteler` VALUES (56, 'AHWMT6', 6000056);
INSERT INTO `Receteler` VALUES (57, '1JL70S', 6000057);
INSERT INTO `Receteler` VALUES (58, 'NOXOQP', 6000058);
INSERT INTO `Receteler` VALUES (59, 'C6RYYO', 6000059);
INSERT INTO `Receteler` VALUES (60, 'NM5QDD', 6000060);
INSERT INTO `Receteler` VALUES (61, 'IMYIUN', 6000061);
INSERT INTO `Receteler` VALUES (62, '2WIP80', 6000062);
INSERT INTO `Receteler` VALUES (63, '61KJDH', 6000063);
INSERT INTO `Receteler` VALUES (64, 'MFPR13', 6000064);
INSERT INTO `Receteler` VALUES (65, 'H780F2', 6000065);
INSERT INTO `Receteler` VALUES (66, 'XE3CJG', 6000066);
INSERT INTO `Receteler` VALUES (67, 'URQ394', 6000067);
INSERT INTO `Receteler` VALUES (68, 'XYAHM2', 6000068);
INSERT INTO `Receteler` VALUES (69, '7YPU49', 6000069);
INSERT INTO `Receteler` VALUES (70, 'IO849R', 6000070);
INSERT INTO `Receteler` VALUES (71, 'Z9Q1UG', 6000071);
INSERT INTO `Receteler` VALUES (72, 'E74QK1', 6000072);
INSERT INTO `Receteler` VALUES (73, 'TFXU07', 6000073);
INSERT INTO `Receteler` VALUES (74, '20A0SQ', 6000074);
INSERT INTO `Receteler` VALUES (75, '9I2K4X', 6000075);
INSERT INTO `Receteler` VALUES (76, 'I1DEYT', 6000076);
INSERT INTO `Receteler` VALUES (77, 'VG3KFY', 6000077);
INSERT INTO `Receteler` VALUES (78, 'HVZJCY', 6000078);
INSERT INTO `Receteler` VALUES (79, '796LW7', 6000079);
INSERT INTO `Receteler` VALUES (80, '35541X', 6000080);
INSERT INTO `Receteler` VALUES (81, 'BXPOEU', 6000081);
INSERT INTO `Receteler` VALUES (82, '77B3BR', 6000082);
INSERT INTO `Receteler` VALUES (83, '6KLYIL', 6000083);
INSERT INTO `Receteler` VALUES (84, 'W5R2WW', 6000084);
INSERT INTO `Receteler` VALUES (85, 'JYMFAC', 6000085);
INSERT INTO `Receteler` VALUES (86, 'NQAHW6', 6000086);
INSERT INTO `Receteler` VALUES (87, '03LYB0', 6000087);
INSERT INTO `Receteler` VALUES (88, 'MYDS5M', 6000088);
INSERT INTO `Receteler` VALUES (89, 'BNM3R0', 6000089);
INSERT INTO `Receteler` VALUES (90, 'MYR3R3', 6000090);
INSERT INTO `Receteler` VALUES (91, 'EAJLN1', 6000091);
INSERT INTO `Receteler` VALUES (92, 'K93V0W', 6000092);
INSERT INTO `Receteler` VALUES (93, 'PSDION', 6000093);
INSERT INTO `Receteler` VALUES (94, 'XQOVWL', 6000094);
INSERT INTO `Receteler` VALUES (95, 'YH2U20', 6000095);
INSERT INTO `Receteler` VALUES (96, 'MKOOGY', 6000096);
INSERT INTO `Receteler` VALUES (97, 'F3R4GV', 6000097);
INSERT INTO `Receteler` VALUES (98, 'MFETA5', 6000098);
INSERT INTO `Receteler` VALUES (99, 'FC5HEZ', 6000099);
INSERT INTO `Receteler` VALUES (100, 'BDTOS2', 6000100);
INSERT INTO `Receteler` VALUES (101, 'OXASIO', 6000101);
INSERT INTO `Receteler` VALUES (102, 'B74QEK', 6000102);
INSERT INTO `Receteler` VALUES (103, '92MXLP', 6000103);
INSERT INTO `Receteler` VALUES (104, 'SFE82V', 6000104);
INSERT INTO `Receteler` VALUES (105, 'UBHFBQ', 6000105);
INSERT INTO `Receteler` VALUES (106, 'W7V7LR', 6000106);
INSERT INTO `Receteler` VALUES (107, '3GOGOH', 6000107);
INSERT INTO `Receteler` VALUES (108, 'B3MLOQ', 6000108);
INSERT INTO `Receteler` VALUES (109, '8NHJLE', 6000109);
INSERT INTO `Receteler` VALUES (110, 'IWKLLP', 6000110);
INSERT INTO `Receteler` VALUES (111, 'WSO734', 6000111);
INSERT INTO `Receteler` VALUES (112, 'TS1OZL', 6000112);
INSERT INTO `Receteler` VALUES (113, 'K5FM4N', 6000113);
INSERT INTO `Receteler` VALUES (114, 'EA9EJZ', 6000114);
INSERT INTO `Receteler` VALUES (115, '1U2JCW', 6000115);
INSERT INTO `Receteler` VALUES (116, 'NIXOYA', 6000116);
INSERT INTO `Receteler` VALUES (117, 'X60Q6N', 6000117);
INSERT INTO `Receteler` VALUES (118, 'F2TFOL', 6000118);
INSERT INTO `Receteler` VALUES (119, '7YNHYA', 6000119);
INSERT INTO `Receteler` VALUES (120, 'UIMQ0B', 6000120);
INSERT INTO `Receteler` VALUES (121, 'L4DQD4', 6000121);
INSERT INTO `Receteler` VALUES (122, '14NN31', 6000122);
INSERT INTO `Receteler` VALUES (123, 'IT2H41', 6000123);
INSERT INTO `Receteler` VALUES (124, 'WO5BOS', 6000124);
INSERT INTO `Receteler` VALUES (125, 'WYGE6J', 6000125);
INSERT INTO `Receteler` VALUES (126, 'FP07DC', 6000126);
INSERT INTO `Receteler` VALUES (127, 'HDC99Y', 6000127);
INSERT INTO `Receteler` VALUES (128, 'PEYNFG', 6000128);
INSERT INTO `Receteler` VALUES (129, '9WHUL1', 6000129);
INSERT INTO `Receteler` VALUES (130, 'VO6O98', 6000130);
INSERT INTO `Receteler` VALUES (131, 'UD2C92', 6000131);
INSERT INTO `Receteler` VALUES (132, 'PBQD09', 6000132);
INSERT INTO `Receteler` VALUES (133, 'USESXV', 6000133);
INSERT INTO `Receteler` VALUES (134, 'XDU7GQ', 6000134);
INSERT INTO `Receteler` VALUES (135, 'G83RUU', 6000135);
INSERT INTO `Receteler` VALUES (136, '5OC7MP', 6000136);
INSERT INTO `Receteler` VALUES (137, '83ZQOV', 6000137);
INSERT INTO `Receteler` VALUES (138, 'K2L9YF', 6000138);
INSERT INTO `Receteler` VALUES (139, '19J2AV', 6000139);
INSERT INTO `Receteler` VALUES (140, 'YRQOE6', 6000140);
INSERT INTO `Receteler` VALUES (141, 'RODJH7', 6000141);
INSERT INTO `Receteler` VALUES (142, 'JZ3MH7', 6000142);
INSERT INTO `Receteler` VALUES (143, 'I3D29U', 6000143);
INSERT INTO `Receteler` VALUES (144, '2FS9QR', 6000144);
INSERT INTO `Receteler` VALUES (145, 'VHXAY9', 6000145);
INSERT INTO `Receteler` VALUES (146, 'A3AV5M', 6000146);
INSERT INTO `Receteler` VALUES (147, 'BQPR95', 6000147);
INSERT INTO `Receteler` VALUES (148, 'KMNB1X', 6000148);
INSERT INTO `Receteler` VALUES (149, 'X4VLAN', 6000149);
INSERT INTO `Receteler` VALUES (150, '3ZB75S', 6000150);
INSERT INTO `Receteler` VALUES (151, '1A4H0Q', 6000151);
INSERT INTO `Receteler` VALUES (152, 'YRKW1P', 6000152);
INSERT INTO `Receteler` VALUES (153, 'B1AJO7', 6000153);
INSERT INTO `Receteler` VALUES (154, '6UI9MU', 6000154);
INSERT INTO `Receteler` VALUES (155, 'S2CT7L', 6000155);
INSERT INTO `Receteler` VALUES (156, 'O3OOZR', 6000156);
INSERT INTO `Receteler` VALUES (157, 'PDF8CG', 6000157);
INSERT INTO `Receteler` VALUES (158, 'S4EGFB', 6000158);
INSERT INTO `Receteler` VALUES (159, '02GXWG', 6000159);
INSERT INTO `Receteler` VALUES (160, 'UEV881', 6000160);
INSERT INTO `Receteler` VALUES (161, 'AKR42M', 6000161);
INSERT INTO `Receteler` VALUES (162, '58EWR3', 6000162);
INSERT INTO `Receteler` VALUES (163, 'R6C5EF', 6000163);
INSERT INTO `Receteler` VALUES (164, 'QG1L3K', 6000164);
INSERT INTO `Receteler` VALUES (165, 'NR8S3N', 6000165);
INSERT INTO `Receteler` VALUES (166, 'K34DXE', 6000166);
INSERT INTO `Receteler` VALUES (167, 'Q2TSU3', 6000167);
INSERT INTO `Receteler` VALUES (168, 'QATVBF', 6000168);
INSERT INTO `Receteler` VALUES (169, 'SM0FR6', 6000169);
INSERT INTO `Receteler` VALUES (170, 'TYJZA7', 6000170);
INSERT INTO `Receteler` VALUES (171, 'CZAWX6', 6000171);
INSERT INTO `Receteler` VALUES (172, 'SFJ3Z5', 6000172);
INSERT INTO `Receteler` VALUES (173, 'M21HA3', 6000173);
INSERT INTO `Receteler` VALUES (174, 'WKE0NI', 6000174);
INSERT INTO `Receteler` VALUES (175, 'L8NKI2', 6000175);
INSERT INTO `Receteler` VALUES (176, 'DVDGYO', 6000176);
INSERT INTO `Receteler` VALUES (177, '1HQSYJ', 6000177);
INSERT INTO `Receteler` VALUES (178, 'W1LHR6', 6000178);
INSERT INTO `Receteler` VALUES (179, 'GURNGC', 6000179);
INSERT INTO `Receteler` VALUES (180, '7UU9YQ', 6000180);
INSERT INTO `Receteler` VALUES (181, '3F6E4C', 6000181);
INSERT INTO `Receteler` VALUES (182, '523465', 6000182);
INSERT INTO `Receteler` VALUES (183, '30ZTR9', 6000183);
INSERT INTO `Receteler` VALUES (184, 'PGULAD', 6000184);
INSERT INTO `Receteler` VALUES (185, '2OMLDT', 6000185);
INSERT INTO `Receteler` VALUES (186, 'DSZ776', 6000186);
INSERT INTO `Receteler` VALUES (187, 'SMX39P', 6000187);
INSERT INTO `Receteler` VALUES (188, 'KI3EJC', 6000188);
INSERT INTO `Receteler` VALUES (189, '38M7IT', 6000189);
INSERT INTO `Receteler` VALUES (190, 'SCVOB7', 6000190);
INSERT INTO `Receteler` VALUES (191, 'K75OKJ', 6000191);
INSERT INTO `Receteler` VALUES (192, 'RJFBSZ', 6000192);
INSERT INTO `Receteler` VALUES (193, 'J8JJD8', 6000193);
INSERT INTO `Receteler` VALUES (194, 'QLKG3H', 6000194);
INSERT INTO `Receteler` VALUES (195, 'W0AP42', 6000195);
INSERT INTO `Receteler` VALUES (196, 'WWULGW', 6000196);
INSERT INTO `Receteler` VALUES (197, '9FYJ6P', 6000197);
INSERT INTO `Receteler` VALUES (198, 'BKX8FA', 6000198);
INSERT INTO `Receteler` VALUES (199, '06ONZF', 6000199);
INSERT INTO `Receteler` VALUES (200, 'HAEAT3', 6000200);
INSERT INTO `Receteler` VALUES (203, 'FVFLYJ', 6000000);

-- ----------------------------
-- Table structure for ilaclar
-- ----------------------------
DROP TABLE IF EXISTS `ilaclar`;
CREATE TABLE `ilaclar`  (
  `ilacID` int NOT NULL,
  `ilacAdi` varchar(255) CHARACTER SET utf8mb4 COLLATE utf8mb4_0900_ai_ci NULL DEFAULT NULL,
  `ilacMiktari` int NULL DEFAULT NULL,
  `ilacBirimi` varchar(255) CHARACTER SET utf8mb4 COLLATE utf8mb4_0900_ai_ci NULL DEFAULT NULL,
  `ilacDoz` int NULL DEFAULT NULL,
  `ReceteID` int NULL DEFAULT NULL,
  PRIMARY KEY (`ilacID`) USING BTREE
) ENGINE = InnoDB CHARACTER SET = utf8mb4 COLLATE = utf8mb4_0900_ai_ci ROW_FORMAT = Dynamic;

-- ----------------------------
-- Records of ilaclar
-- ----------------------------
INSERT INTO `ilaclar` VALUES (1, 'The Ordinary', 5, 'Kutu', 3, 1);
INSERT INTO `ilaclar` VALUES (2, 'Diclofenac', 2, 'Sprey', 1, 2);
INSERT INTO `ilaclar` VALUES (3, 'Locoid', 5, 'Adet', 4, 3);
INSERT INTO `ilaclar` VALUES (4, 'Zinnat', 1, 'Sprey', 4, 4);
INSERT INTO `ilaclar` VALUES (5, 'Bactroban', 4, 'Sprey', 5, 5);
INSERT INTO `ilaclar` VALUES (6, 'Aknefug', 2, 'Kapsül', 1, 6);
INSERT INTO `ilaclar` VALUES (7, 'Regaine', 2, 'Sprey', 1, 7);
INSERT INTO `ilaclar` VALUES (8, 'Ferveks', 5, 'Sprey', 1, 8);
INSERT INTO `ilaclar` VALUES (9, 'Vichy', 1, 'Adet', 2, 9);
INSERT INTO `ilaclar` VALUES (10, 'Retin-A', 5, 'Kapsül', 1, 10);
INSERT INTO `ilaclar` VALUES (11, 'Sebamed', 1, 'Krem', 2, 11);
INSERT INTO `ilaclar` VALUES (12, 'Hans Karrer', 2, 'Kutu', 5, 12);
INSERT INTO `ilaclar` VALUES (13, 'Elidel', 2, 'Kapsül', 3, 13);
INSERT INTO `ilaclar` VALUES (14, 'Dalacin', 2, 'Şurup', 2, 14);
INSERT INTO `ilaclar` VALUES (15, 'Duspatalin', 3, 'Şurup', 3, 15);
INSERT INTO `ilaclar` VALUES (16, 'Espumisan', 3, 'Paket', 5, 16);
INSERT INTO `ilaclar` VALUES (17, 'Nifuroksazyd', 3, 'Sprey', 2, 17);
INSERT INTO `ilaclar` VALUES (18, 'Protopic', 2, 'Paket', 3, 18);
INSERT INTO `ilaclar` VALUES (19, 'Nifuroksazyd', 5, 'Kutu', 5, 19);
INSERT INTO `ilaclar` VALUES (20, 'Voltaren', 3, 'Paket', 5, 20);
INSERT INTO `ilaclar` VALUES (21, 'Vichy', 5, 'Adet', 3, 21);
INSERT INTO `ilaclar` VALUES (22, 'Zovirax', 3, 'Tablet', 4, 22);
INSERT INTO `ilaclar` VALUES (23, 'Amoksiklav', 2, 'Paket', 2, 23);
INSERT INTO `ilaclar` VALUES (24, 'Enterogermina', 4, 'Adet', 2, 24);
INSERT INTO `ilaclar` VALUES (25, 'Amoksiklav', 5, 'Krem', 2, 25);
INSERT INTO `ilaclar` VALUES (26, 'Ketonal', 3, 'Kapsül', 1, 26);
INSERT INTO `ilaclar` VALUES (27, 'Aknefug', 3, 'Adet', 3, 27);
INSERT INTO `ilaclar` VALUES (28, 'Elocon', 2, 'Şurup', 4, 28);
INSERT INTO `ilaclar` VALUES (29, 'Nizoral', 1, 'Tablet', 2, 29);
INSERT INTO `ilaclar` VALUES (30, 'Mefenaks', 3, 'Sprey', 1, 30);
INSERT INTO `ilaclar` VALUES (31, 'Benzac', 3, 'Kapsül', 1, 31);
INSERT INTO `ilaclar` VALUES (32, 'Bioderma', 3, 'Kutu', 5, 32);
INSERT INTO `ilaclar` VALUES (33, 'La Roche-Posay', 5, 'Kapsül', 2, 33);
INSERT INTO `ilaclar` VALUES (34, 'Zineryt', 2, 'Kutu', 4, 34);
INSERT INTO `ilaclar` VALUES (35, 'Ofloksacin', 3, 'Adet', 5, 35);
INSERT INTO `ilaclar` VALUES (36, 'Fucidin', 1, 'Kutu', 4, 36);
INSERT INTO `ilaclar` VALUES (37, 'Aspirin', 4, 'Şurup', 3, 37);
INSERT INTO `ilaclar` VALUES (38, 'Elidel', 1, 'Tablet', 4, 38);
INSERT INTO `ilaclar` VALUES (39, 'Betnovate', 1, 'Krem', 4, 39);
INSERT INTO `ilaclar` VALUES (40, 'Neutrogena', 1, 'Tablet', 3, 40);
INSERT INTO `ilaclar` VALUES (41, 'Aknefug', 5, 'Adet', 2, 41);
INSERT INTO `ilaclar` VALUES (42, 'Cetaphil', 5, 'Tablet', 3, 42);
INSERT INTO `ilaclar` VALUES (43, 'Espumisan', 3, 'Kutu', 1, 43);
INSERT INTO `ilaclar` VALUES (44, 'Debridat', 3, 'Paket', 4, 44);
INSERT INTO `ilaclar` VALUES (45, 'Flukonazol', 5, 'Krem', 4, 45);
INSERT INTO `ilaclar` VALUES (46, 'Tetracycline', 4, 'Krem', 2, 46);
INSERT INTO `ilaclar` VALUES (47, 'Ofloksacin', 3, 'Krem', 1, 47);
INSERT INTO `ilaclar` VALUES (48, 'Avene', 2, 'Krem', 2, 48);
INSERT INTO `ilaclar` VALUES (49, 'Augmentin', 5, 'Kutu', 5, 49);
INSERT INTO `ilaclar` VALUES (50, 'Aciclovir', 4, 'Kutu', 4, 50);
INSERT INTO `ilaclar` VALUES (51, 'Calvitie', 3, 'Krem', 2, 51);
INSERT INTO `ilaclar` VALUES (52, 'Rexidol', 3, 'Paket', 3, 52);
INSERT INTO `ilaclar` VALUES (53, 'Avene', 5, 'Krem', 4, 53);
INSERT INTO `ilaclar` VALUES (54, 'Nifuroksazyd', 1, 'Adet', 1, 54);
INSERT INTO `ilaclar` VALUES (55, 'Flemoxin', 2, 'Kutu', 2, 55);
INSERT INTO `ilaclar` VALUES (56, 'Lamisil', 4, 'Kapsül', 2, 56);
INSERT INTO `ilaclar` VALUES (57, 'No-spa', 1, 'Adet', 4, 57);
INSERT INTO `ilaclar` VALUES (58, 'Voltaren', 5, 'Tablet', 1, 58);
INSERT INTO `ilaclar` VALUES (59, 'No-spa', 3, 'Adet', 2, 59);
INSERT INTO `ilaclar` VALUES (60, 'Elidel', 2, 'Krem', 3, 60);
INSERT INTO `ilaclar` VALUES (61, 'Sumamed', 1, 'Kutu', 2, 61);
INSERT INTO `ilaclar` VALUES (62, 'Viviscal', 1, 'Kutu', 3, 62);
INSERT INTO `ilaclar` VALUES (63, 'Ferveks', 4, 'Adet', 3, 63);
INSERT INTO `ilaclar` VALUES (64, 'Nolicin', 1, 'Kutu', 5, 64);
INSERT INTO `ilaclar` VALUES (65, 'Metronidazol', 3, 'Adet', 3, 65);
INSERT INTO `ilaclar` VALUES (66, 'Clindamycin', 2, 'Tablet', 3, 66);
INSERT INTO `ilaclar` VALUES (67, 'Glamafen', 1, 'Şurup', 5, 67);
INSERT INTO `ilaclar` VALUES (68, 'Ketonal', 3, 'Kapsül', 5, 68);
INSERT INTO `ilaclar` VALUES (69, 'Metronidazol', 3, 'Kapsül', 5, 69);
INSERT INTO `ilaclar` VALUES (70, 'No-spa', 5, 'Krem', 4, 70);
INSERT INTO `ilaclar` VALUES (71, 'Doxycycline', 5, 'Kutu', 4, 71);
INSERT INTO `ilaclar` VALUES (72, 'Glamafen', 3, 'Sprey', 2, 72);
INSERT INTO `ilaclar` VALUES (73, 'Elidel', 5, 'Paket', 4, 73);
INSERT INTO `ilaclar` VALUES (74, 'Voltaren', 3, 'Paket', 3, 74);
INSERT INTO `ilaclar` VALUES (75, 'Calvitie', 3, 'Krem', 3, 75);
INSERT INTO `ilaclar` VALUES (76, 'Bisolvon', 1, 'Adet', 3, 76);
INSERT INTO `ilaclar` VALUES (77, 'No-spa', 2, 'Krem', 3, 77);
INSERT INTO `ilaclar` VALUES (78, 'Centrum', 5, 'Kapsül', 4, 78);
INSERT INTO `ilaclar` VALUES (79, 'Viviscal', 2, 'Adet', 2, 79);
INSERT INTO `ilaclar` VALUES (80, 'Zovirax', 3, 'Adet', 5, 80);
INSERT INTO `ilaclar` VALUES (81, 'Rogaine', 1, 'Tablet', 4, 81);
INSERT INTO `ilaclar` VALUES (82, 'Revitalash', 2, 'Krem', 1, 82);
INSERT INTO `ilaclar` VALUES (83, 'Majezik', 4, 'Tablet', 3, 83);
INSERT INTO `ilaclar` VALUES (84, 'Ercefuryl', 5, 'Kapsül', 3, 84);
INSERT INTO `ilaclar` VALUES (85, 'Bioblas', 5, 'Adet', 4, 85);
INSERT INTO `ilaclar` VALUES (86, 'Mefenaks', 5, 'Kapsül', 4, 86);
INSERT INTO `ilaclar` VALUES (87, 'Zovirax', 1, 'Sprey', 3, 87);
INSERT INTO `ilaclar` VALUES (88, 'Isotrexin', 1, 'Paket', 2, 88);
INSERT INTO `ilaclar` VALUES (89, 'Cetaphil', 2, 'Şurup', 4, 89);
INSERT INTO `ilaclar` VALUES (90, 'Zineryt', 4, 'Kapsül', 1, 90);
INSERT INTO `ilaclar` VALUES (91, 'Sumamed', 5, 'Kapsül', 1, 91);
INSERT INTO `ilaclar` VALUES (92, 'Ketonal', 4, 'Kutu', 5, 92);
INSERT INTO `ilaclar` VALUES (93, 'Sebamed', 2, 'Krem', 4, 93);
INSERT INTO `ilaclar` VALUES (94, 'Advil', 4, 'Adet', 1, 94);
INSERT INTO `ilaclar` VALUES (95, 'Metronidazol', 3, 'Adet', 1, 95);
INSERT INTO `ilaclar` VALUES (96, 'Protopic', 1, 'Sprey', 1, 96);
INSERT INTO `ilaclar` VALUES (97, 'Advil', 5, 'Sprey', 4, 97);
INSERT INTO `ilaclar` VALUES (98, 'Mefenaks', 2, 'Adet', 1, 98);
INSERT INTO `ilaclar` VALUES (99, 'Ferveks', 2, 'Krem', 2, 99);
INSERT INTO `ilaclar` VALUES (100, 'Voltaren', 1, 'Kapsül', 5, 100);
INSERT INTO `ilaclar` VALUES (101, 'Griseofulvin', 4, 'Kapsül', 3, 101);
INSERT INTO `ilaclar` VALUES (102, 'Gentamycin', 2, 'Kutu', 3, 102);
INSERT INTO `ilaclar` VALUES (103, 'Parol', 3, 'Tablet', 2, 103);
INSERT INTO `ilaclar` VALUES (104, 'Valtrex', 5, 'Adet', 1, 104);
INSERT INTO `ilaclar` VALUES (105, 'Gentamycin', 5, 'Paket', 1, 105);
INSERT INTO `ilaclar` VALUES (106, 'Efacin', 1, 'Şurup', 2, 106);
INSERT INTO `ilaclar` VALUES (107, 'Urosept', 1, 'Şurup', 2, 107);
INSERT INTO `ilaclar` VALUES (108, 'Ofloksacin', 5, 'Kapsül', 5, 108);
INSERT INTO `ilaclar` VALUES (109, 'Locoid', 4, 'Şurup', 4, 109);
INSERT INTO `ilaclar` VALUES (110, 'Enterogermina', 4, 'Şurup', 2, 110);
INSERT INTO `ilaclar` VALUES (111, 'Enterogermina', 3, 'Şurup', 3, 111);
INSERT INTO `ilaclar` VALUES (112, 'Cetaphil', 1, 'Tablet', 3, 112);
INSERT INTO `ilaclar` VALUES (113, 'Canesten', 2, 'Tablet', 1, 113);
INSERT INTO `ilaclar` VALUES (114, 'Griseofulvin', 5, 'Kapsül', 4, 114);
INSERT INTO `ilaclar` VALUES (115, 'Macrobid', 5, 'Tablet', 2, 115);
INSERT INTO `ilaclar` VALUES (116, 'Espumisan', 1, 'Sprey', 3, 116);
INSERT INTO `ilaclar` VALUES (117, 'Sumamed', 4, 'Krem', 1, 117);
INSERT INTO `ilaclar` VALUES (118, 'Nurofen', 1, 'Krem', 2, 118);
INSERT INTO `ilaclar` VALUES (119, 'Centrum', 1, 'Kutu', 5, 119);
INSERT INTO `ilaclar` VALUES (120, 'Ercefuryl', 3, 'Kapsül', 1, 120);
INSERT INTO `ilaclar` VALUES (121, 'Bioblas', 4, 'Kapsül', 4, 121);
INSERT INTO `ilaclar` VALUES (122, 'Minocycline', 4, 'Paket', 1, 122);
INSERT INTO `ilaclar` VALUES (123, 'Emox', 2, 'Krem', 2, 123);
INSERT INTO `ilaclar` VALUES (124, 'Buscopan', 2, 'Sprey', 3, 124);
INSERT INTO `ilaclar` VALUES (125, 'Ağrıstop', 2, 'Paket', 3, 125);
INSERT INTO `ilaclar` VALUES (126, 'Centrum', 5, 'Kapsül', 1, 126);
INSERT INTO `ilaclar` VALUES (127, 'No-spa', 3, 'Paket', 1, 127);
INSERT INTO `ilaclar` VALUES (128, 'Mustela', 1, 'Kutu', 3, 128);
INSERT INTO `ilaclar` VALUES (129, 'Valtrex', 4, 'Krem', 3, 129);
INSERT INTO `ilaclar` VALUES (130, 'Isotrexin', 4, 'Şurup', 2, 130);
INSERT INTO `ilaclar` VALUES (131, 'Erythromycin', 1, 'Krem', 5, 131);
INSERT INTO `ilaclar` VALUES (132, 'Organic Hair Energizer', 1, 'Kutu', 1, 132);
INSERT INTO `ilaclar` VALUES (133, 'Curiosin', 3, 'Kapsül', 5, 133);
INSERT INTO `ilaclar` VALUES (134, 'Rogaine', 5, 'Şurup', 2, 134);
INSERT INTO `ilaclar` VALUES (135, 'Isotrexin', 5, 'Krem', 2, 135);
INSERT INTO `ilaclar` VALUES (136, 'Skinoren', 2, 'Krem', 3, 136);
INSERT INTO `ilaclar` VALUES (137, 'Nifuroksazyd', 5, 'Paket', 5, 137);
INSERT INTO `ilaclar` VALUES (138, 'Aspirin', 4, 'Paket', 1, 138);
INSERT INTO `ilaclar` VALUES (139, 'Amoksiklav', 2, 'Paket', 1, 139);
INSERT INTO `ilaclar` VALUES (140, 'Enterogermina', 1, 'Sprey', 4, 140);
INSERT INTO `ilaclar` VALUES (141, 'Nifuroksazyd', 3, 'Krem', 5, 141);
INSERT INTO `ilaclar` VALUES (142, 'Aciclovir', 3, 'Krem', 4, 142);
INSERT INTO `ilaclar` VALUES (143, 'Aknefug', 2, 'Krem', 5, 143);
INSERT INTO `ilaclar` VALUES (144, 'Omegle', 1, 'Şurup', 1, 144);
INSERT INTO `ilaclar` VALUES (145, 'Amoksiklav', 3, 'Adet', 2, 145);
INSERT INTO `ilaclar` VALUES (146, 'Betnovate', 5, 'Paket', 1, 146);
INSERT INTO `ilaclar` VALUES (147, 'Duspatalin', 4, 'Adet', 2, 147);
INSERT INTO `ilaclar` VALUES (148, 'Esberitox', 4, 'Kapsül', 4, 148);
INSERT INTO `ilaclar` VALUES (149, 'Lamisil', 1, 'Kapsül', 4, 149);
INSERT INTO `ilaclar` VALUES (150, 'Ciprofloxacin', 5, 'Şurup', 4, 150);
INSERT INTO `ilaclar` VALUES (151, 'Centrum', 5, 'Sprey', 5, 151);
INSERT INTO `ilaclar` VALUES (152, 'Rogaine', 3, 'Tablet', 1, 152);
INSERT INTO `ilaclar` VALUES (153, 'Efacin', 4, 'Krem', 3, 153);
INSERT INTO `ilaclar` VALUES (154, 'Majezik', 1, 'Şurup', 3, 154);
INSERT INTO `ilaclar` VALUES (155, 'Diclofenac', 5, 'Krem', 1, 155);
INSERT INTO `ilaclar` VALUES (156, 'Emox', 1, 'Şurup', 2, 156);
INSERT INTO `ilaclar` VALUES (157, 'Diclofenac', 2, 'Adet', 1, 157);
INSERT INTO `ilaclar` VALUES (158, 'Vichy', 1, 'Tablet', 4, 158);
INSERT INTO `ilaclar` VALUES (159, 'Dekort', 4, 'Tablet', 4, 159);
INSERT INTO `ilaclar` VALUES (160, 'Aspirin', 5, 'Tablet', 3, 160);
INSERT INTO `ilaclar` VALUES (161, 'Eucerin', 4, 'Sprey', 3, 161);
INSERT INTO `ilaclar` VALUES (162, 'Polysporin', 1, 'Şurup', 1, 162);
INSERT INTO `ilaclar` VALUES (163, 'Gentamycin', 4, 'Paket', 1, 163);
INSERT INTO `ilaclar` VALUES (164, 'Azithromycin', 4, 'Kutu', 4, 164);
INSERT INTO `ilaclar` VALUES (165, 'Advil', 1, 'Kutu', 4, 165);
INSERT INTO `ilaclar` VALUES (166, 'Bisolvon', 3, 'Şurup', 5, 166);
INSERT INTO `ilaclar` VALUES (167, 'Elocon', 3, 'Kutu', 3, 167);
INSERT INTO `ilaclar` VALUES (168, 'Calpol', 5, 'Adet', 1, 168);
INSERT INTO `ilaclar` VALUES (169, 'Nolicin', 5, 'Kapsül', 5, 169);
INSERT INTO `ilaclar` VALUES (170, 'Ketonal', 1, 'Krem', 5, 170);
INSERT INTO `ilaclar` VALUES (171, 'Ketonal', 5, 'Kutu', 4, 171);
INSERT INTO `ilaclar` VALUES (172, 'Nizoral', 2, 'Adet', 1, 172);
INSERT INTO `ilaclar` VALUES (173, 'Zinnat', 1, 'Krem', 3, 173);
INSERT INTO `ilaclar` VALUES (174, 'Green Pharmacy', 5, 'Şurup', 1, 174);
INSERT INTO `ilaclar` VALUES (175, 'Buscopan', 3, 'Sprey', 5, 175);
INSERT INTO `ilaclar` VALUES (176, 'Efacin', 3, 'Paket', 3, 176);
INSERT INTO `ilaclar` VALUES (177, 'Rexidol', 1, 'Sprey', 5, 177);
INSERT INTO `ilaclar` VALUES (178, 'Nifuroksazyd', 3, 'Sprey', 3, 178);
INSERT INTO `ilaclar` VALUES (179, 'Dalacin', 3, 'Krem', 1, 179);
INSERT INTO `ilaclar` VALUES (180, 'Voltaren', 2, 'Sprey', 3, 180);
INSERT INTO `ilaclar` VALUES (181, 'Latisse', 2, 'Kutu', 2, 181);
INSERT INTO `ilaclar` VALUES (182, 'Augmentin', 1, 'Sprey', 5, 182);
INSERT INTO `ilaclar` VALUES (183, 'Griseofulvin', 3, 'Tablet', 5, 183);
INSERT INTO `ilaclar` VALUES (184, 'Nolicin', 1, 'Sprey', 3, 184);
INSERT INTO `ilaclar` VALUES (185, 'Polysporin', 4, 'Paket', 3, 185);
INSERT INTO `ilaclar` VALUES (186, 'Polysporin', 2, 'Kutu', 1, 186);
INSERT INTO `ilaclar` VALUES (187, 'Urosept', 4, 'Tablet', 3, 187);
INSERT INTO `ilaclar` VALUES (188, 'Ciprofloxacin', 1, 'Adet', 5, 188);
INSERT INTO `ilaclar` VALUES (189, 'Latisse', 4, 'Tablet', 5, 189);
INSERT INTO `ilaclar` VALUES (190, 'Advantan', 1, 'Sprey', 1, 190);
INSERT INTO `ilaclar` VALUES (191, 'Latisse', 5, 'Kapsül', 3, 191);
INSERT INTO `ilaclar` VALUES (192, 'Mefenaks', 4, 'Sprey', 5, 192);
INSERT INTO `ilaclar` VALUES (193, 'Polysporin', 3, 'Krem', 1, 193);
INSERT INTO `ilaclar` VALUES (194, 'Calvitie', 2, 'Tablet', 3, 194);
INSERT INTO `ilaclar` VALUES (195, 'Espumisan', 5, 'Sprey', 3, 195);
INSERT INTO `ilaclar` VALUES (196, 'Elocon', 3, 'Kutu', 4, 196);
INSERT INTO `ilaclar` VALUES (197, 'Neutrogena', 1, 'Kapsül', 1, 197);
INSERT INTO `ilaclar` VALUES (198, 'Parol', 2, 'Paket', 3, 198);
INSERT INTO `ilaclar` VALUES (199, 'The Ordinary', 4, 'Kutu', 2, 199);
INSERT INTO `ilaclar` VALUES (200, 'Levofloksasin', 2, 'Krem', 1, 200);
INSERT INTO `ilaclar` VALUES (201, 'Valtrex', 5, 'Şurup', 2, 201);
INSERT INTO `ilaclar` VALUES (202, 'Esberitox', 4, 'Paket', 1, 202);
INSERT INTO `ilaclar` VALUES (203, 'Amoksiklav', 3, 'Sprey', 4, 203);
INSERT INTO `ilaclar` VALUES (204, 'Hans Karrer', 3, 'Paket', 1, 1);
INSERT INTO `ilaclar` VALUES (205, 'No-spa', 1, 'Krem', 1, 2);
INSERT INTO `ilaclar` VALUES (206, 'Nivea', 2, 'Şurup', 3, 3);
INSERT INTO `ilaclar` VALUES (207, 'Hans Karrer', 4, 'Kapsül', 1, 4);
INSERT INTO `ilaclar` VALUES (208, 'Benzac', 4, 'Krem', 2, 5);
INSERT INTO `ilaclar` VALUES (209, 'Fucidin', 5, 'Paket', 1, 6);
INSERT INTO `ilaclar` VALUES (210, 'Locoid', 1, 'Kapsül', 1, 7);
INSERT INTO `ilaclar` VALUES (211, 'Latisse', 2, 'Kutu', 2, 8);
INSERT INTO `ilaclar` VALUES (212, 'Hans Karrer', 1, 'Sprey', 5, 9);
INSERT INTO `ilaclar` VALUES (213, 'Vichy', 3, 'Krem', 2, 10);
INSERT INTO `ilaclar` VALUES (214, 'No-spa', 5, 'Adet', 4, 11);
INSERT INTO `ilaclar` VALUES (215, 'Ercefuryl', 4, 'Şurup', 1, 12);
INSERT INTO `ilaclar` VALUES (216, 'Zineryt', 1, 'Şurup', 5, 13);
INSERT INTO `ilaclar` VALUES (217, 'Flukonazol', 2, 'Kapsül', 4, 14);
INSERT INTO `ilaclar` VALUES (218, 'Augmentin', 3, 'Tablet', 4, 15);
INSERT INTO `ilaclar` VALUES (219, 'Clindamycin', 1, 'Paket', 5, 16);
INSERT INTO `ilaclar` VALUES (220, 'Panadol', 2, 'Adet', 2, 17);
INSERT INTO `ilaclar` VALUES (221, 'Nivea', 3, 'Krem', 4, 18);
INSERT INTO `ilaclar` VALUES (222, 'Parol', 1, 'Şurup', 3, 19);
INSERT INTO `ilaclar` VALUES (223, 'Tetracycline', 3, 'Krem', 4, 20);
INSERT INTO `ilaclar` VALUES (224, 'Metronidazol', 4, 'Kutu', 2, 21);
INSERT INTO `ilaclar` VALUES (225, 'Diclofenac', 4, 'Paket', 5, 22);
INSERT INTO `ilaclar` VALUES (226, 'Differin', 1, 'Şurup', 2, 23);
INSERT INTO `ilaclar` VALUES (227, 'The Ordinary', 2, 'Sprey', 4, 24);
INSERT INTO `ilaclar` VALUES (228, 'Polysporin', 5, 'Sprey', 5, 25);
INSERT INTO `ilaclar` VALUES (229, 'Bactroban', 5, 'Paket', 3, 26);
INSERT INTO `ilaclar` VALUES (230, 'Aspirin', 5, 'Kapsül', 4, 27);
INSERT INTO `ilaclar` VALUES (231, 'Nivea', 4, 'Kapsül', 3, 28);
INSERT INTO `ilaclar` VALUES (232, 'Gentamycin', 2, 'Adet', 4, 29);
INSERT INTO `ilaclar` VALUES (233, 'Polysporin', 1, 'Adet', 5, 30);
INSERT INTO `ilaclar` VALUES (234, 'Bactroban', 2, 'Sprey', 5, 31);
INSERT INTO `ilaclar` VALUES (235, 'Espumisan', 3, 'Adet', 5, 32);
INSERT INTO `ilaclar` VALUES (236, 'Calvitie', 2, 'Paket', 3, 33);
INSERT INTO `ilaclar` VALUES (237, 'Mustela', 2, 'Şurup', 4, 34);
INSERT INTO `ilaclar` VALUES (238, 'Ketonal', 4, 'Krem', 3, 35);
INSERT INTO `ilaclar` VALUES (239, 'Aspirin', 2, 'Paket', 2, 36);
INSERT INTO `ilaclar` VALUES (240, 'Tetracycline', 3, 'Kapsül', 4, 37);
INSERT INTO `ilaclar` VALUES (241, 'Urosept', 1, 'Tablet', 2, 38);
INSERT INTO `ilaclar` VALUES (242, 'Advil', 5, 'Sprey', 5, 39);
INSERT INTO `ilaclar` VALUES (243, 'Omegle', 1, 'Kutu', 5, 40);
INSERT INTO `ilaclar` VALUES (244, 'Revitalash', 3, 'Tablet', 4, 41);
INSERT INTO `ilaclar` VALUES (245, 'Buscopan', 3, 'Adet', 1, 42);
INSERT INTO `ilaclar` VALUES (246, 'No-spa', 4, 'Krem', 2, 43);
INSERT INTO `ilaclar` VALUES (247, 'Macrobid', 5, 'Kutu', 3, 44);
INSERT INTO `ilaclar` VALUES (248, 'The Ordinary', 5, 'Kutu', 2, 45);
INSERT INTO `ilaclar` VALUES (249, 'Augmentin', 2, 'Tablet', 5, 46);
INSERT INTO `ilaclar` VALUES (250, 'Diclofenac', 4, 'Krem', 4, 47);
INSERT INTO `ilaclar` VALUES (251, 'Green Pharmacy', 3, 'Kutu', 4, 48);
INSERT INTO `ilaclar` VALUES (252, 'Elocon', 4, 'Krem', 4, 49);
INSERT INTO `ilaclar` VALUES (253, 'Advantan', 1, 'Adet', 3, 50);
INSERT INTO `ilaclar` VALUES (254, 'Mefenaks', 4, 'Sprey', 5, 51);
INSERT INTO `ilaclar` VALUES (255, 'Glamafen', 3, 'Kapsül', 4, 52);
INSERT INTO `ilaclar` VALUES (256, 'Urosept', 3, 'Şurup', 4, 53);
INSERT INTO `ilaclar` VALUES (257, 'Tetracycline', 2, 'Şurup', 1, 54);
INSERT INTO `ilaclar` VALUES (258, 'Advantan', 1, 'Tablet', 3, 55);
INSERT INTO `ilaclar` VALUES (259, 'Ofloksacin', 1, 'Kapsül', 4, 56);
INSERT INTO `ilaclar` VALUES (260, 'Natura Siberica', 2, 'Sprey', 5, 57);
INSERT INTO `ilaclar` VALUES (261, 'Calpol', 3, 'Kutu', 1, 58);
INSERT INTO `ilaclar` VALUES (262, 'Valtrex', 4, 'Adet', 1, 59);
INSERT INTO `ilaclar` VALUES (263, 'Ospamox', 1, 'Kutu', 1, 60);
INSERT INTO `ilaclar` VALUES (264, 'Ketonal', 1, 'Krem', 1, 61);
INSERT INTO `ilaclar` VALUES (265, 'Bioderma', 5, 'Şurup', 1, 62);
INSERT INTO `ilaclar` VALUES (266, 'Hans Karrer', 5, 'Paket', 4, 63);
INSERT INTO `ilaclar` VALUES (267, 'Benzac', 2, 'Şurup', 2, 64);
INSERT INTO `ilaclar` VALUES (268, 'Panadol', 3, 'Krem', 5, 65);
INSERT INTO `ilaclar` VALUES (269, 'Hans Karrer', 3, 'Adet', 5, 66);
INSERT INTO `ilaclar` VALUES (270, 'Metronidazol', 5, 'Kapsül', 2, 67);
INSERT INTO `ilaclar` VALUES (271, 'Griseofulvin', 2, 'Kutu', 2, 68);
INSERT INTO `ilaclar` VALUES (272, 'Skinoren', 1, 'Krem', 3, 69);
INSERT INTO `ilaclar` VALUES (273, 'Calpol', 1, 'Kutu', 5, 70);
INSERT INTO `ilaclar` VALUES (274, 'Rogaine', 5, 'Tablet', 4, 71);
INSERT INTO `ilaclar` VALUES (275, 'Elocon', 3, 'Kapsül', 2, 72);
INSERT INTO `ilaclar` VALUES (276, 'Locoid', 5, 'Kutu', 3, 73);
INSERT INTO `ilaclar` VALUES (277, 'Enterogermina', 1, 'Adet', 3, 74);
INSERT INTO `ilaclar` VALUES (278, 'Latisse', 1, 'Tablet', 3, 75);
INSERT INTO `ilaclar` VALUES (279, 'Ibuprofen', 2, 'Tablet', 2, 76);
INSERT INTO `ilaclar` VALUES (280, 'Betnovate', 4, 'Şurup', 2, 77);
INSERT INTO `ilaclar` VALUES (281, 'Zineryt', 2, 'Paket', 2, 78);
INSERT INTO `ilaclar` VALUES (282, 'Bioderma', 1, 'Tablet', 3, 79);
INSERT INTO `ilaclar` VALUES (283, 'Oranor', 2, 'Kapsül', 3, 80);
INSERT INTO `ilaclar` VALUES (284, 'Locoid', 4, 'Adet', 5, 81);
INSERT INTO `ilaclar` VALUES (285, 'Zinnat', 5, 'Kapsül', 2, 82);
INSERT INTO `ilaclar` VALUES (286, 'Bactroban', 1, 'Kutu', 2, 83);
INSERT INTO `ilaclar` VALUES (287, 'Sebamed', 1, 'Adet', 1, 84);
INSERT INTO `ilaclar` VALUES (288, 'Neutrogena', 3, 'Kutu', 3, 85);
INSERT INTO `ilaclar` VALUES (289, 'No-spa', 5, 'Şurup', 5, 86);
INSERT INTO `ilaclar` VALUES (290, 'Ferveks', 4, 'Kapsül', 4, 87);
INSERT INTO `ilaclar` VALUES (291, 'Zovirax', 1, 'Tablet', 3, 88);
INSERT INTO `ilaclar` VALUES (292, 'Hans Karrer', 3, 'Adet', 5, 89);
INSERT INTO `ilaclar` VALUES (293, 'Nurofen', 3, 'Kapsül', 5, 90);
INSERT INTO `ilaclar` VALUES (294, 'Zinnat', 4, 'Kutu', 4, 91);
INSERT INTO `ilaclar` VALUES (295, 'Nifuroksazyd', 3, 'Sprey', 3, 92);
INSERT INTO `ilaclar` VALUES (296, 'Rexidol', 5, 'Kutu', 5, 93);
INSERT INTO `ilaclar` VALUES (297, 'Bioderma', 5, 'Krem', 2, 94);
INSERT INTO `ilaclar` VALUES (298, 'Macrobid', 1, 'Sprey', 5, 95);
INSERT INTO `ilaclar` VALUES (299, 'Herbalife', 4, 'Kapsül', 5, 96);
INSERT INTO `ilaclar` VALUES (300, 'Viviscal', 5, 'Sprey', 4, 97);
INSERT INTO `ilaclar` VALUES (301, 'Brufen', 2, 'Şurup', 4, 98);
INSERT INTO `ilaclar` VALUES (302, 'Esberitox', 3, 'Adet', 4, 99);
INSERT INTO `ilaclar` VALUES (303, 'Regaine', 1, 'Tablet', 3, 100);
INSERT INTO `ilaclar` VALUES (304, 'Rexidol', 4, 'Krem', 5, 101);
INSERT INTO `ilaclar` VALUES (305, 'Ferveks', 1, 'Sprey', 3, 102);
INSERT INTO `ilaclar` VALUES (306, 'Oranor', 5, 'Adet', 5, 103);
INSERT INTO `ilaclar` VALUES (307, 'Eucerin', 2, 'Sprey', 4, 104);
INSERT INTO `ilaclar` VALUES (308, 'Dekort', 3, 'Paket', 3, 105);
INSERT INTO `ilaclar` VALUES (309, 'Nifuroksazyd', 3, 'Şurup', 5, 106);
INSERT INTO `ilaclar` VALUES (310, 'Elidel', 3, 'Şurup', 4, 107);
INSERT INTO `ilaclar` VALUES (311, 'Viviscal', 4, 'Krem', 1, 108);
INSERT INTO `ilaclar` VALUES (312, 'Vichy', 4, 'Kutu', 4, 109);
INSERT INTO `ilaclar` VALUES (313, 'Levofloksasin', 1, 'Adet', 3, 110);
INSERT INTO `ilaclar` VALUES (314, 'Erythromycin', 5, 'Krem', 4, 111);
INSERT INTO `ilaclar` VALUES (315, 'Minocycline', 3, 'Şurup', 4, 112);
INSERT INTO `ilaclar` VALUES (316, 'Advil', 5, 'Adet', 3, 113);
INSERT INTO `ilaclar` VALUES (317, 'Debridat', 4, 'Paket', 4, 114);
INSERT INTO `ilaclar` VALUES (318, 'Skinoren', 4, 'Tablet', 2, 115);
INSERT INTO `ilaclar` VALUES (319, 'Ferveks', 2, 'Kutu', 3, 116);
INSERT INTO `ilaclar` VALUES (320, 'Brufen', 3, 'Tablet', 4, 117);
INSERT INTO `ilaclar` VALUES (321, 'Omegle', 5, 'Tablet', 3, 118);
INSERT INTO `ilaclar` VALUES (322, 'Sumamed', 5, 'Sprey', 1, 119);
INSERT INTO `ilaclar` VALUES (323, 'Centrum', 2, 'Krem', 2, 120);
INSERT INTO `ilaclar` VALUES (324, 'Advantan', 3, 'Kutu', 1, 121);
INSERT INTO `ilaclar` VALUES (325, 'Panadol', 4, 'Kapsül', 4, 122);
INSERT INTO `ilaclar` VALUES (326, 'Natura Siberica', 3, 'Krem', 2, 123);
INSERT INTO `ilaclar` VALUES (327, 'Sebamed', 5, 'Adet', 3, 124);
INSERT INTO `ilaclar` VALUES (328, 'Parol', 4, 'Kapsül', 2, 125);
INSERT INTO `ilaclar` VALUES (329, 'Zinnat', 4, 'Kapsül', 5, 126);
INSERT INTO `ilaclar` VALUES (330, 'Sebamed', 1, 'Kutu', 5, 127);
INSERT INTO `ilaclar` VALUES (331, 'Nizoral', 1, 'Paket', 4, 128);
INSERT INTO `ilaclar` VALUES (332, 'Dalacin', 4, 'Şurup', 5, 129);
INSERT INTO `ilaclar` VALUES (333, 'Latisse', 4, 'Şurup', 5, 130);
INSERT INTO `ilaclar` VALUES (334, 'Calvitie', 4, 'Paket', 2, 131);
INSERT INTO `ilaclar` VALUES (335, 'Minocycline', 4, 'Şurup', 3, 132);
INSERT INTO `ilaclar` VALUES (336, 'Zineryt', 5, 'Şurup', 1, 133);
INSERT INTO `ilaclar` VALUES (337, 'Glamafen', 4, 'Sprey', 5, 134);
INSERT INTO `ilaclar` VALUES (338, 'Glamafen', 5, 'Sprey', 1, 135);
INSERT INTO `ilaclar` VALUES (339, 'Metronidazol', 2, 'Paket', 1, 136);
INSERT INTO `ilaclar` VALUES (340, 'Aspirin', 3, 'Sprey', 3, 137);
INSERT INTO `ilaclar` VALUES (341, 'Green Pharmacy', 1, 'Kutu', 1, 138);
INSERT INTO `ilaclar` VALUES (342, 'Neutrogena', 3, 'Tablet', 2, 139);
INSERT INTO `ilaclar` VALUES (343, 'Protopic', 5, 'Paket', 1, 140);
INSERT INTO `ilaclar` VALUES (344, 'Natura Siberica', 2, 'Sprey', 2, 141);
INSERT INTO `ilaclar` VALUES (345, 'Doxycycline', 3, 'Sprey', 1, 142);
INSERT INTO `ilaclar` VALUES (346, 'Ofloksacin', 4, 'Şurup', 4, 143);
INSERT INTO `ilaclar` VALUES (347, 'Sumamed', 3, 'Sprey', 5, 144);
INSERT INTO `ilaclar` VALUES (348, 'Debridat', 5, 'Krem', 1, 145);
INSERT INTO `ilaclar` VALUES (349, 'Green Pharmacy', 4, 'Adet', 2, 146);
INSERT INTO `ilaclar` VALUES (350, 'Retin-A', 5, 'Kapsül', 3, 147);
INSERT INTO `ilaclar` VALUES (351, 'Protopic', 2, 'Sprey', 3, 148);
INSERT INTO `ilaclar` VALUES (352, 'Nifuroksazyd', 4, 'Sprey', 1, 149);
INSERT INTO `ilaclar` VALUES (353, 'Polysporin', 4, 'Sprey', 1, 150);
INSERT INTO `ilaclar` VALUES (354, 'Fucidin', 4, 'Adet', 5, 151);
INSERT INTO `ilaclar` VALUES (355, 'Mefenaks', 1, 'Kutu', 5, 152);
INSERT INTO `ilaclar` VALUES (356, 'No-spa', 3, 'Adet', 3, 153);
INSERT INTO `ilaclar` VALUES (357, 'Natura Siberica', 5, 'Şurup', 5, 154);
INSERT INTO `ilaclar` VALUES (358, 'Herbalife', 5, 'Kapsül', 2, 155);
INSERT INTO `ilaclar` VALUES (359, 'Canesten', 5, 'Kapsül', 4, 156);
INSERT INTO `ilaclar` VALUES (360, 'Green Pharmacy', 5, 'Paket', 2, 157);
INSERT INTO `ilaclar` VALUES (361, 'Fucidin', 2, 'Kutu', 4, 158);
INSERT INTO `ilaclar` VALUES (362, 'Majezik', 5, 'Paket', 3, 159);
INSERT INTO `ilaclar` VALUES (363, 'Ospamox', 3, 'Sprey', 3, 160);
INSERT INTO `ilaclar` VALUES (364, 'Omegle', 4, 'Sprey', 3, 161);
INSERT INTO `ilaclar` VALUES (365, 'Oranor', 2, 'Tablet', 4, 162);
INSERT INTO `ilaclar` VALUES (366, 'Mefenaks', 2, 'Sprey', 2, 163);
INSERT INTO `ilaclar` VALUES (367, 'Emox', 3, 'Şurup', 2, 164);
INSERT INTO `ilaclar` VALUES (368, 'Duspatalin', 2, 'Sprey', 4, 165);
INSERT INTO `ilaclar` VALUES (369, 'Rexidol', 4, 'Sprey', 2, 166);
INSERT INTO `ilaclar` VALUES (370, 'Locoid', 5, 'Kapsül', 4, 167);
INSERT INTO `ilaclar` VALUES (371, 'Flukonazol', 5, 'Sprey', 4, 168);
INSERT INTO `ilaclar` VALUES (372, 'Canesten', 1, 'Kapsül', 5, 169);
INSERT INTO `ilaclar` VALUES (373, 'Majezik', 2, 'Tablet', 3, 170);
INSERT INTO `ilaclar` VALUES (374, 'Canesten', 2, 'Krem', 5, 171);
INSERT INTO `ilaclar` VALUES (375, 'Aciclovir', 3, 'Kapsül', 4, 172);
INSERT INTO `ilaclar` VALUES (376, 'Advantan', 1, 'Kapsül', 2, 173);
INSERT INTO `ilaclar` VALUES (377, 'Herbalife', 5, 'Paket', 5, 174);
INSERT INTO `ilaclar` VALUES (378, 'Eucerin', 5, 'Paket', 4, 175);
INSERT INTO `ilaclar` VALUES (379, 'Bactroban', 2, 'Kapsül', 3, 176);
INSERT INTO `ilaclar` VALUES (380, 'Erythromycin', 3, 'Tablet', 4, 177);
INSERT INTO `ilaclar` VALUES (381, 'Regaine', 1, 'Adet', 4, 178);
INSERT INTO `ilaclar` VALUES (382, 'Revitalash', 1, 'Krem', 1, 179);
INSERT INTO `ilaclar` VALUES (383, 'Buscopan', 2, 'Krem', 3, 180);
INSERT INTO `ilaclar` VALUES (384, 'Polysporin', 3, 'Şurup', 5, 181);
INSERT INTO `ilaclar` VALUES (385, 'Zineryt', 4, 'Kapsül', 2, 182);
INSERT INTO `ilaclar` VALUES (386, 'Aspirin', 3, 'Sprey', 3, 183);
INSERT INTO `ilaclar` VALUES (387, 'Ibuprofen', 3, 'Sprey', 2, 184);
INSERT INTO `ilaclar` VALUES (388, 'Aknefug', 1, 'Krem', 2, 185);
INSERT INTO `ilaclar` VALUES (389, 'Calvitie', 3, 'Tablet', 3, 186);
INSERT INTO `ilaclar` VALUES (390, 'Elidel', 3, 'Paket', 5, 187);
INSERT INTO `ilaclar` VALUES (391, 'Revitalash', 3, 'Kutu', 4, 188);
INSERT INTO `ilaclar` VALUES (392, 'Sebamed', 4, 'Krem', 1, 189);
INSERT INTO `ilaclar` VALUES (393, 'Bisolvon', 2, 'Kutu', 2, 190);
INSERT INTO `ilaclar` VALUES (394, 'Ketonal', 1, 'Sprey', 5, 191);
INSERT INTO `ilaclar` VALUES (395, 'Flemoxin', 5, 'Şurup', 2, 192);
INSERT INTO `ilaclar` VALUES (396, 'Espumisan', 1, 'Tablet', 4, 193);
INSERT INTO `ilaclar` VALUES (397, 'Ercefuryl', 5, 'Şurup', 5, 194);
INSERT INTO `ilaclar` VALUES (398, 'Doxycycline', 5, 'Krem', 3, 195);
INSERT INTO `ilaclar` VALUES (399, 'Zinnat', 4, 'Sprey', 5, 196);
INSERT INTO `ilaclar` VALUES (400, 'Azithromycin', 3, 'Sprey', 4, 197);
INSERT INTO `ilaclar` VALUES (401, 'Ospamox', 1, 'Tablet', 3, 198);
INSERT INTO `ilaclar` VALUES (402, 'Flemoxin', 3, 'Kapsül', 4, 199);
INSERT INTO `ilaclar` VALUES (403, 'Elidel', 3, 'Şurup', 1, 200);

SET FOREIGN_KEY_CHECKS = 1;
